"","Company","SeasonEpisode","ReceiveOffer","RejectOffer","Deal_Yes","Deal_No","Number of Presenters","Eth1","Eth2","Eth3","Eth4","Eth5","Male1","Male2","Male3","Male4","Female1","Female2","Female3","Female4","Novelties","Health / Wellness","Food and Beverage","Business Services","Lifestyle / Home","Software / Tech","Children / Education","Automotive","Fashion / Beauty","Media / Entertainment","Fitness / Sports / Outdoors","Pet Products","Travel","Green/CleanTech","Uncertain / Other","MalePresenter","FemalePresenter","MixedGenderPresenters","CompanyState","AmountRequested","EquityRequested","ImpliedValuationRequested","BarbaraCorcoran","MarkCuban","LoriGreiner","RobertHerjavec","DaymondJohn","KevinOLeary","KevinHarrington","Guest"
"1","Wispots","Shark.Tank.S01E01",0,0,0,1,1,2,0,0,0,0,1,0,0,0,0,0,0,0,0,0,0,1,0,0,0,0,0,0,0,0,0,0,0,1,0,0,"NC",1200000,0.1,1.2e+07,1,0,0,1,1,1,1,0
"2","CollegeFoxesPackingBoxes","Shark.Tank.S01E01",1,1,0,1,2,4,2,0,0,0,1,1,0,0,0,0,0,0,0,0,0,1,0,0,0,0,0,0,0,0,0,0,0,1,0,0,"FL",250000,0.25,1e+06,1,0,0,1,1,1,1,0
"3","Mr.TodsPieFactory","Shark.Tank.S01E01",1,0,1,0,1,1,0,0,0,0,1,0,0,0,0,0,0,0,0,0,1,0,0,0,0,0,0,0,0,0,0,0,0,1,0,0,"NJ",460000,0.1,4600000,1,0,0,1,1,1,1,0
"4","AvatheElephant","Shark.Tank.S01E01",1,0,1,0,1,2,0,0,0,0,0,0,0,0,1,0,0,0,0,0,0,0,0,0,1,0,0,0,0,0,0,0,0,0,1,0,"GA",50000,0.15,333333,1,0,0,1,1,1,1,0
"5","AttachNoted","Shark.Tank.S01E02",0,0,0,1,1,3,0,0,0,0,0,0,0,0,1,0,0,0,0,0,0,0,1,0,0,0,0,0,0,0,0,0,0,0,1,0,"CA",1e+05,0.2,5e+05,1,0,0,1,1,1,1,0
"6","CrookedJaw","Shark.Tank.S01E02",0,0,0,1,1,2,0,0,0,0,1,0,0,0,0,0,0,0,0,0,0,0,0,0,0,0,1,0,0,0,0,0,0,1,0,0,"CA",2e+05,0.2,1e+06,1,0,0,1,1,1,1,0
"7","StressFreeKids","Shark.Tank.S01E03",1,0,1,0,1,2,0,0,0,0,0,0,0,0,1,0,0,0,0,0,0,0,0,0,1,0,0,0,0,0,0,0,0,0,1,0,"GA",250000,0.2,1250000,1,0,0,1,1,1,1,0
"8","KwytzaChopstickArt","Shark.Tank.S01E03",0,0,0,1,1,2,0,0,0,0,1,0,0,0,0,0,0,0,0,0,0,0,1,0,0,0,0,0,0,0,0,0,0,1,0,0,"OR",1e+05,0.1,1e+06,1,0,0,1,1,1,1,0
"9","Turbobaster","Shark.Tank.S01E03",1,0,1,0,1,2,0,0,0,0,0,0,0,0,1,0,0,0,0,0,0,0,1,0,0,0,0,0,0,0,0,0,0,0,1,0,"CA",35000,0.35,1e+05,1,0,0,1,1,1,1,0
"10","SoulsCalling","Shark.Tank.S01E04",0,0,0,1,1,4,0,0,0,0,0,0,0,0,1,0,0,0,0,0,0,0,1,0,0,0,0,0,0,0,0,0,0,0,1,0,"TX",150000,0.25,6e+05,1,0,0,1,1,1,1,0
"11","GiftCardRescue","Shark.Tank.S01E04",1,0,1,0,1,1,0,0,0,0,1,0,0,0,0,0,0,0,0,0,0,1,0,0,0,0,0,0,0,0,0,0,0,1,0,0,"MD",150000,0.3,5e+05,1,0,0,1,1,1,1,0
"12","Coverplay","Shark.Tank.S01E04",1,0,1,0,2,2,4,0,0,0,0,0,0,0,1,1,0,0,0,0,0,0,0,0,1,0,0,0,0,0,0,0,0,0,1,0,"CA",350000,0.15,2333333,1,0,0,1,1,1,1,0
"13","BodyJac","Shark.Tank.S01E05",1,0,1,0,1,2,0,0,0,0,1,0,0,0,0,0,0,0,0,0,0,0,0,0,0,0,0,0,1,0,0,0,0,1,0,0,"IA",180000,0.2,9e+05,1,0,0,1,1,1,1,0
"14","MyTherapyJournal","Shark.Tank.S01E05",1,0,1,0,2,4,4,0,0,0,1,1,0,0,0,0,0,0,0,0,0,1,0,0,0,0,0,0,0,0,0,0,0,1,0,0,"FL",80000,0.2,4e+05,1,0,0,1,1,1,1,0
"15","GranolaGourmet","Shark.Tank.S01E05",0,0,0,1,1,2,0,0,0,0,1,0,0,0,0,0,0,0,0,0,1,0,0,0,0,0,0,0,0,0,0,0,0,1,0,0,"CA",175000,0.25,7e+05,1,0,0,1,1,1,1,0
"16","TheFizz","Shark.Tank.S01E06",0,0,0,1,1,2,0,0,0,0,1,0,0,0,0,0,0,0,0,0,1,0,0,0,0,0,0,0,0,0,0,0,0,1,0,0,"CA",150000,0.25,6e+05,1,0,0,1,1,1,1,0
"17","ElementBars","Shark.Tank.S01E06",1,0,1,0,1,2,0,0,0,0,1,0,0,0,0,0,0,0,0,0,1,0,0,0,0,0,0,0,0,0,0,0,0,1,0,0,"IL",150000,0.15,1e+06,1,0,0,1,1,1,1,0
"18","GrillCharms","Shark.Tank.S01E07",1,0,1,0,1,2,0,0,0,0,0,0,0,0,1,0,0,0,0,0,0,0,1,0,0,0,0,0,0,0,0,0,0,0,1,0,"SC",50000,0.25,2e+05,1,0,0,1,1,1,1,0
"19","TheFunHouseProject","Shark.Tank.S01E07",0,0,0,1,2,2,2,0,0,0,1,1,0,0,0,0,0,0,0,0,0,0,0,0,0,0,0,1,0,0,0,0,0,1,0,0,"NY",3e+05,0.2,1500000,1,0,0,1,1,1,1,0
"20","BoogieBoxFitness","Shark.Tank.S01E07",0,0,0,1,2,4,2,0,0,0,0,0,0,0,1,1,0,0,0,0,0,0,0,0,0,0,0,0,1,0,0,0,0,0,1,0,"CA",7e+05,0.7,1e+06,1,0,0,1,1,1,1,0
"21","Soy-YerDough","Shark.Tank.S01E07",1,0,1,0,1,2,0,0,0,0,1,0,0,0,0,0,0,0,0,0,0,0,0,0,0,0,0,1,0,0,0,0,0,1,0,0,"IN",125000,0.25,5e+05,1,0,0,1,1,1,1,0
"22","Throx","Shark.Tank.S01E08",0,0,0,1,1,2,0,0,0,0,1,0,0,0,0,0,0,0,0,0,0,0,0,0,0,0,1,0,0,0,0,0,0,1,0,0,"CA",50000,0.25,2e+05,1,0,0,1,1,1,1,0
"23","GaylaBentleyFashion","Shark.Tank.S01E09",1,0,1,0,1,2,0,0,0,0,0,0,0,0,1,0,0,0,0,0,0,0,0,0,0,0,1,0,0,0,0,0,0,0,1,0,"TX",250000,0.2,1250000,1,0,0,1,1,1,1,0
"24","VirtuSphere","Shark.Tank.S01E09",0,0,0,1,2,4,4,0,0,0,1,1,0,0,0,0,0,0,0,0,0,0,0,1,0,0,0,0,0,0,0,0,0,1,0,0,"NY",1500000,0.1,1.5e+07,1,0,0,1,1,1,1,0
"25","Uroclub","Shark.Tank.S01E10",1,0,1,0,1,2,0,0,0,0,1,0,0,0,0,0,0,0,0,0,0,0,0,0,0,0,0,0,1,0,0,0,0,1,0,0,"FL",25000,0.51,49020,1,0,0,1,1,1,1,0
"26","TheBobblePlace","Shark.Tank.S01E10",1,1,0,1,1,2,0,0,0,0,1,0,0,0,0,0,0,0,0,0,0,0,0,0,0,0,0,1,0,0,0,0,0,1,0,0,"FL",75000,0.18,416667,1,0,0,1,1,1,1,0
"27","InkFlip","Shark.Tank.S01E11",0,0,0,1,1,2,0,0,0,0,1,0,0,0,0,0,0,0,0,0,0,0,0,1,0,0,0,0,0,0,0,0,0,1,0,0,"TN",150000,0.2,750000,1,0,0,1,1,1,1,0
"28","TheChefinBlack","Shark.Tank.S01E11",1,0,1,0,1,2,0,0,0,0,0,0,0,0,1,0,0,0,0,0,1,0,0,0,0,0,0,0,0,0,0,0,0,0,1,0,"CA",50000,0.1,5e+05,1,0,0,1,1,1,1,0
"29","RompNRoll","Shark.Tank.S01E11",1,1,0,1,2,2,2,0,0,0,1,0,0,0,0,1,0,0,0,0,0,0,0,0,0,0,0,1,0,0,0,0,0,0,0,1,"VA",3e+05,0.1,3e+06,1,0,0,1,1,1,1,0
"30","TwisterCleaner","Shark.Tank.S01E11",0,0,0,1,1,1,0,0,0,0,1,0,0,0,0,0,0,0,0,0,0,0,0,0,0,0,0,0,1,0,0,0,0,1,0,0,"GA",85000,0.4,212500,1,0,0,1,1,1,1,0
"31","HellsBellsHelmets","Shark.Tank.S01E11",1,0,1,0,2,2,2,0,0,0,0,1,0,0,1,0,0,0,0,0,0,0,0,0,0,0,0,0,1,0,0,0,0,0,0,1,"PA",5e+05,0.2,2500000,1,0,0,1,1,1,1,0
"32","TheFactionist","Shark.Tank.S01E12",0,0,0,1,1,0,0,0,0,0,1,0,0,0,0,0,0,0,0,0,0,0,0,0,0,0,1,0,0,0,0,0,0,1,0,0,"NY",30000,0.2,150000,1,0,0,1,1,1,1,0
"33","GreaseMonkeyWipes","Shark.Tank.S01E12",1,0,1,0,2,2,2,0,0,0,1,0,0,0,0,1,0,0,0,0,0,0,0,0,0,0,0,0,1,0,0,0,0,0,0,1,"TX",40000,0.4,1e+05,1,0,0,1,1,1,1,0
"34","CaptainIceCream","Shark.Tank.S01E13",0,0,0,1,1,2,0,0,0,0,1,0,0,0,0,0,0,0,0,0,1,0,0,0,0,0,0,0,0,0,0,0,0,1,0,0,"CA",48000,0.25,192000,1,0,0,1,1,1,1,0
"35","Caffeindicator","Shark.Tank.S01E13",1,0,1,0,1,2,0,0,0,0,1,0,0,0,0,0,0,0,1,0,0,0,0,0,0,0,0,0,0,0,0,0,0,1,0,0,"PA",2e+05,0.25,8e+05,1,0,0,1,1,1,1,0
"36","LipstixRemix","Shark.Tank.S01E13",1,0,1,0,1,2,0,0,0,0,0,0,0,0,1,0,0,0,0,0,0,0,0,0,0,0,1,0,0,0,0,0,0,0,1,0,"TN",105000,0.3,350000,1,0,0,1,1,1,1,0
"37","LlamaBrew","Shark.Tank.S01E14",0,0,0,1,2,2,4,0,0,0,1,0,0,0,0,1,0,0,0,0,0,0,1,0,0,0,0,0,0,0,0,0,0,0,0,1,"CA",125000,0.1,1250000,1,0,0,1,1,1,1,0
"38","Nubrella","Shark.Tank.S01E14",1,0,1,0,1,4,0,0,0,0,1,0,0,0,0,0,0,0,1,0,0,0,0,0,0,0,0,0,0,0,0,0,0,1,0,0,"MA",2e+05,0.25,8e+05,1,0,0,1,1,1,1,0
"39","PillarsofSlippers","Shark.Tank.S01E14",0,0,0,1,1,1,0,0,0,0,0,0,0,0,1,0,0,0,0,0,0,0,0,0,0,0,1,0,0,0,0,0,0,0,1,0,"IL",150000,0.15,1e+06,1,0,0,1,1,1,1,0
"40","TippiToes","Shark.Tank.S02E01",1,0,1,0,2,2,2,0,0,0,0,0,0,0,1,1,0,0,0,0,0,0,0,0,0,0,0,1,0,0,0,0,0,0,1,0,"TX",30000,0.05,6e+05,1,1,0,1,1,1,0,0
"41","CopadiVino","Shark.Tank.S02E01",1,1,0,1,1,2,0,0,0,0,1,0,0,0,0,0,0,0,0,0,1,0,0,0,0,0,0,0,0,0,0,0,0,1,0,0,"OR",3e+05,0.05,6e+06,1,1,0,1,1,1,0,0
"42","FirstDefenseNasalScreen","Shark.Tank.S02E02",1,0,1,0,1,2,0,0,0,0,1,0,0,0,0,0,0,0,0,1,0,0,0,0,0,0,0,0,0,0,0,0,0,1,0,0,"FL",5e+05,0.1,5e+06,1,1,0,1,1,1,0,0
"43","Toygaroo","Shark.Tank.S02E02",1,0,1,0,1,2,0,0,0,0,0,0,0,0,1,0,0,0,0,0,0,0,0,0,0,0,0,1,0,0,0,0,0,0,1,0,"CA",1e+05,0.1,1e+06,1,1,0,1,1,1,0,0
"44","Vurtego","Shark.Tank.S02E02",0,0,0,1,1,2,0,0,0,0,1,0,0,0,0,0,0,0,0,0,0,0,0,0,0,0,0,1,0,0,0,0,0,1,0,0,"CA",5e+05,0.2,2500000,1,1,0,1,1,1,0,0
"45","FitnessStride","Shark.Tank.S02E03",0,0,0,1,1,1,0,0,0,0,1,0,0,0,0,0,0,0,0,0,0,0,0,0,0,0,0,0,1,0,0,0,0,1,0,0,"KS",140000,0.15,933333,1,0,0,1,1,1,1,0
"46","ModMomFurniture","Shark.Tank.S02E03",1,0,1,0,1,2,0,0,0,0,0,0,0,0,1,0,0,0,0,0,0,0,1,0,0,0,0,0,0,0,0,0,0,0,1,0,"AZ",90000,0.25,360000,1,0,0,1,1,1,1,0
"47","Ride-OnCarry-On","Shark.Tank.S02E04",1,0,1,0,2,2,2,0,0,0,0,1,0,0,1,0,0,0,0,0,0,0,0,0,1,0,0,0,0,0,0,0,0,0,0,1,"GA",50000,0.25,2e+05,1,0,0,1,1,1,0,1
"48","UncleZipsBeefJerky","Shark.Tank.S02E04",0,0,0,1,1,2,0,0,0,0,1,0,0,0,0,0,0,0,0,0,1,0,0,0,0,0,0,0,0,0,0,0,0,1,0,0,"NC",25000,0.2,125000,1,0,0,1,1,1,0,1
"49","BroccoliWad","Shark.Tank.S02E04",1,0,1,0,2,2,2,0,0,0,1,1,0,0,0,0,0,0,1,0,0,0,0,0,0,0,0,0,0,0,0,0,0,1,0,0,"NY",50000,0.2,250000,1,0,0,1,1,1,0,1
"50","HillbillyBrand","Shark.Tank.S02E04",1,0,1,0,2,2,2,0,0,0,1,1,0,0,0,0,0,0,0,0,0,0,0,0,0,0,1,0,0,0,0,0,0,1,0,0,"FL",50000,0.25,2e+05,1,0,0,1,1,1,0,1
"51","Lightfilm","Shark.Tank.S02E05",1,0,1,0,2,2,2,0,0,0,1,1,0,0,0,0,0,0,0,0,0,0,0,0,0,1,0,0,0,0,0,0,0,1,0,0,"IL",1e+05,0.05,2e+06,1,0,0,1,1,1,1,0
"52","FridgeFronts","Shark.Tank.S02E05",1,0,1,0,1,2,0,0,0,0,0,0,0,0,1,0,0,0,0,0,0,0,1,0,0,0,0,0,0,0,0,0,0,0,1,0,"OH",1e+05,0.3,333333,1,0,0,1,1,1,1,0
"53","THINgloss","Shark.Tank.S02E05",0,0,0,1,1,2,0,0,0,0,0,0,0,0,1,0,0,0,0,0,0,0,0,0,0,0,1,0,0,0,0,0,0,0,1,0,"IN",80000,0.2,4e+05,1,0,0,1,1,1,1,0
"54","CarsikBib","Shark.Tank.S02E07",0,0,0,1,1,2,0,0,0,0,1,0,0,0,0,0,0,0,0,0,0,0,0,0,1,0,0,0,0,0,0,0,0,1,0,0,"CA",30000,0.15,2e+05,1,0,0,1,1,1,0,1
"55","Hydromax","Shark.Tank.S02E07",1,0,1,0,1,1,0,0,0,0,1,0,0,0,0,0,0,0,0,0,0,0,0,0,0,0,0,0,1,0,0,0,0,1,0,0,"TX",50000,0.25,2e+05,1,0,0,1,1,1,0,1
"56","Games2U","Shark.Tank.S02E07",1,1,0,1,2,2,2,0,0,0,1,1,0,0,0,0,0,0,0,0,0,0,0,0,0,0,0,1,0,0,0,0,0,1,0,0,"TX",5e+05,0.1,5e+06,1,0,0,1,1,1,0,1
"57","Ecomowers","Shark.Tank.S02E07",0,0,0,1,1,2,0,0,0,0,1,0,0,0,0,0,0,0,0,0,0,0,1,0,0,0,0,0,0,0,0,0,0,1,0,0,"MD",90000,0.2,450000,1,0,0,1,1,1,0,1
"58","ManCandle","Shark.Tank.S02E08",0,0,0,1,1,2,0,0,0,0,1,0,0,0,0,0,0,0,0,0,0,0,1,0,0,0,0,0,0,0,0,0,0,1,0,0,"OK",50000,0.25,2e+05,1,1,0,1,1,1,0,0
"59","Hy-Conn","Shark.Tank.S02E08",1,0,1,0,1,2,0,0,0,0,1,0,0,0,0,0,0,0,0,0,0,0,1,0,0,0,0,0,0,0,0,0,0,1,0,0,"AR",5e+05,0.4,1250000,1,1,0,1,1,1,0,0
"60","Origaudio","Shark.Tank.S02E08",1,0,1,0,2,2,2,0,0,0,1,1,0,0,0,0,0,0,0,0,0,0,0,1,0,0,0,0,0,0,0,0,0,1,0,0,"CA",150000,0.15,1e+06,1,1,0,1,1,1,0,0
"61","OneSole","Shark.Tank.S02E09",1,0,1,0,1,4,0,0,0,0,0,0,0,0,1,0,0,0,0,0,0,0,0,0,0,0,1,0,0,0,0,0,0,0,1,0,"FL",5e+05,0.2,2500000,1,0,0,1,1,1,1,0
"62","AldoOrtaJewelry","Shark.Tank.S02E09",1,0,1,0,1,4,0,0,0,0,1,0,0,0,0,0,0,0,0,0,0,0,0,0,0,0,1,0,0,0,0,0,0,1,0,0,"IL",180000,0.45,4e+05,1,0,0,1,1,1,1,0
"63","CitiKitty","Shark.Tank.S02E09",1,0,1,0,1,2,0,0,0,0,0,0,0,0,1,0,0,0,0,0,0,0,0,0,0,0,0,0,0,1,0,0,0,0,1,0,"PA",1e+05,0.15,666667,1,0,0,1,1,1,1,0
"64","SamsonMartin","Shark.Tank.S02E09",0,0,0,1,1,2,0,0,0,0,0,0,0,0,1,0,0,0,0,0,0,0,0,0,0,0,1,0,0,0,0,0,0,0,1,0,"IL",50000,0.15,333333,1,0,0,1,1,1,1,0
"65","TheCleanBottle","Shark.Tank.S03E01",1,0,1,0,1,2,0,0,0,0,1,0,0,0,0,0,0,0,0,0,0,0,0,0,0,0,0,0,1,0,0,0,0,1,0,0,"CA",60000,0.05,1200000,1,1,0,1,1,1,0,0
"66","BusinessGhost","Shark.Tank.S03E01",0,0,0,1,1,2,0,0,0,0,1,0,0,0,0,0,0,0,0,0,0,1,0,0,0,0,0,0,0,0,0,0,0,1,0,0,"CA",2e+05,0.1,2e+06,1,1,0,1,1,1,0,0
"67","EZVIP","Shark.Tank.S03E01",1,0,1,0,1,1,0,0,0,0,1,0,0,0,0,0,0,0,0,0,0,0,0,0,0,0,0,1,0,0,0,0,0,1,0,0,"FL",150000,0.15,1e+06,1,1,0,1,1,1,0,0
"68","Salespreneur","Shark.Tank.S03E02",0,0,0,1,1,4,0,0,0,0,1,0,0,0,0,0,0,0,0,0,0,1,0,0,0,0,0,0,0,0,0,0,0,1,0,0,"CT",90000,0.4,225000,1,1,0,1,1,1,0,0
"69","IWanttoDrawaCatforYou","Shark.Tank.S03E02",1,0,1,0,1,2,0,0,0,0,1,0,0,0,0,0,0,0,0,0,0,1,0,0,0,0,0,0,0,0,0,0,0,1,0,0,"IL",10000,0.25,40000,1,1,0,1,1,1,0,0
"70","LiquidMoney","Shark.Tank.S03E03",1,1,0,1,1,2,0,0,0,0,1,0,0,0,0,0,0,0,1,0,0,0,0,0,0,0,0,0,0,0,0,0,0,1,0,0,"FL",1e+05,0.05,2e+06,1,1,0,1,1,1,0,0
"71","ChordBuddy","Shark.Tank.S03E03",1,0,1,0,1,2,0,0,0,0,1,0,0,0,0,0,0,0,0,0,0,0,0,0,0,0,0,1,0,0,0,0,0,1,0,0,"AL",125000,0.1,1250000,1,1,0,1,1,1,0,0
"72","YouSmellSoap","Shark.Tank.S03E03",1,0,1,0,1,2,0,0,0,0,0,0,0,0,1,0,0,0,0,0,0,0,0,0,0,0,1,0,0,0,0,0,0,0,1,0,"TX",55000,0.2,275000,1,1,0,1,1,1,0,0
"73","ShowNo","Shark.Tank.S03E04",1,0,1,0,1,2,0,0,0,0,0,0,0,0,1,0,0,0,0,0,0,0,0,0,1,0,0,0,0,0,0,0,0,0,1,0,"CA",50000,0.25,2e+05,0,1,1,1,1,1,0,0
"74","PuppyCake","Shark.Tank.S03E04",0,0,0,1,1,2,0,0,0,0,0,0,0,0,1,0,0,0,0,0,0,0,0,0,0,0,0,0,0,1,0,0,0,0,1,0,"PA",50000,0.25,2e+05,0,1,1,1,1,1,0,0
"75","WineBalloon","Shark.Tank.S03E04",1,0,1,0,1,2,0,0,0,0,1,0,0,0,0,0,0,0,0,0,0,0,1,0,0,0,0,0,0,0,0,0,0,1,0,0,"OH",40000,0.3,133333,0,1,1,1,1,1,0,0
"76","LedgePillow","Shark.Tank.S03E05",0,0,0,1,1,2,0,0,0,0,0,0,0,0,1,0,0,0,1,0,0,0,0,0,0,0,0,0,0,0,0,0,0,0,1,0,"FL",30000,0.25,120000,0,1,1,1,1,1,0,0
"77","M3GirlDesigns","Shark.Tank.S03E05",1,0,1,0,3,2,2,2,0,0,0,0,0,0,1,1,1,0,0,0,0,0,0,0,1,0,0,0,0,0,0,0,0,0,1,0,"TX",3e+05,0.15,2e+06,0,1,1,1,1,1,0,0
"78","TalbottTeas","Shark.Tank.S03E05",1,0,1,0,2,2,2,0,0,0,1,1,0,0,0,0,0,0,0,0,1,0,0,0,0,0,0,0,0,0,0,0,0,1,0,0,"CA",250000,0.2,1250000,0,1,1,1,1,1,0,0
"79","TheLastLid","Shark.Tank.S03E05",1,0,1,0,2,2,2,0,0,0,1,0,0,0,0,1,0,0,0,0,0,0,1,0,0,0,0,0,0,0,0,0,0,0,0,1,"RI",40000,0.2,2e+05,0,1,1,1,1,1,0,0
"80","EssoWatches","Shark.Tank.S03E06",0,0,0,1,1,2,0,0,0,0,1,0,0,0,0,0,0,0,0,0,0,0,1,0,0,0,0,0,0,0,0,0,0,1,0,0,"AZ",35000,0.2,175000,0,1,1,1,1,1,0,0
"81","ThePaintedPretzel","Shark.Tank.S03E06",1,0,1,0,1,1,0,0,0,0,0,0,0,0,1,0,0,0,0,0,1,0,0,0,0,0,0,0,0,0,0,0,0,0,1,0,"AZ",1e+05,0.25,4e+05,0,1,1,1,1,1,0,0
"82","Five-MinuteFurniture","Shark.Tank.S03E06",1,1,0,1,1,2,0,0,0,0,1,0,0,0,0,0,0,0,0,0,0,0,1,0,0,0,0,0,0,0,0,0,0,1,0,0,"MT",250000,0.25,1e+06,0,1,1,1,1,1,0,0
"83","ScotteVest","Shark.Tank.S03E07",1,1,0,1,1,2,0,0,0,0,1,0,0,0,0,0,0,0,0,0,0,0,0,0,0,0,1,0,0,0,0,0,0,1,0,0,"ID",5e+05,0.15,3333333,1,1,0,1,1,1,0,0
"84","Kisstixx","Shark.Tank.S03E07",1,0,1,0,2,2,2,0,0,0,1,1,0,0,0,0,0,0,0,0,0,0,0,0,0,0,1,0,0,0,0,0,0,1,0,0,"UT",2e+05,0.2,1e+06,1,1,0,1,1,1,0,0
"85","Rent-A-Grandma","Shark.Tank.S03E08",0,0,0,1,1,2,0,0,0,0,1,0,0,0,0,0,0,0,0,0,0,1,0,0,0,0,0,0,0,0,0,0,0,1,0,0,"CA",150000,0.2,750000,1,1,0,1,1,1,0,0
"86","MisoMedia","Shark.Tank.S03E09",1,0,1,0,1,2,0,0,0,0,1,0,0,0,0,0,0,0,0,0,0,0,0,0,0,0,0,1,0,0,0,0,0,1,0,0,"CA",3e+05,0.05,6e+06,1,1,0,1,1,1,0,0
"87","Vinamor","Shark.Tank.S03E09",0,0,0,1,1,2,0,0,0,0,1,0,0,0,0,0,0,0,0,0,0,0,1,0,0,0,0,0,0,0,0,0,0,1,0,0,"CO",75000,0.3,250000,1,1,0,1,1,1,0,0
"88","BarkemsToGo","Shark.Tank.S03E10",0,0,0,1,1,0,0,0,0,0,1,0,0,0,0,0,0,0,0,0,0,0,0,0,0,0,0,0,0,1,0,0,0,1,0,0,"CA",1e+05,0.51,196078,1,1,0,1,1,1,0,0
"89","BrewersCowIceCream","Shark.Tank.S03E10",0,0,0,1,3,2,2,2,0,0,1,1,1,0,0,0,0,0,0,0,1,0,0,0,0,0,0,0,0,0,0,0,0,1,0,0,"CT",125000,0.15,833333,1,1,0,1,1,1,0,0
"90","BlondiesCookies","Shark.Tank.S03E11",0,0,0,1,1,2,0,0,0,0,0,0,0,0,1,0,0,0,0,0,1,0,0,0,0,0,0,0,0,0,0,0,0,0,1,0,"IN",2e+05,0.03,6666667,1,1,0,1,1,1,0,0
"91","TrimiTanks","Shark.Tank.S03E12",0,0,0,1,2,2,2,0,0,0,0,0,0,0,1,1,0,0,0,0,0,0,0,0,0,0,1,0,0,0,0,0,0,0,1,0,"PA",57000,0.3,190000,0,1,1,1,1,1,0,0
"92","Lollacup","Shark.Tank.S03E12",1,0,1,0,2,3,3,0,0,0,1,0,0,0,0,1,0,0,0,0,0,0,0,0,1,0,0,0,0,0,0,0,0,0,0,1,"CA",1e+05,0.15,666667,0,1,1,1,1,1,0,0
"93","BootIllusions","Shark.Tank.S03E13",1,0,1,0,2,1,1,0,0,0,1,0,0,0,0,1,0,0,0,0,0,0,0,0,0,0,1,0,0,0,0,0,0,0,0,1,"GA",1e+05,0.3,333333,1,1,0,1,1,1,0,0
"94","Skyride","Shark.Tank.S03E13",0,0,0,1,1,2,0,0,0,0,1,0,0,0,0,0,0,0,0,0,0,0,0,0,0,0,0,0,1,0,0,0,0,1,0,0,"NY",3e+06,0.2,1.5e+07,1,1,0,1,1,1,0,0
"95","MixBikini","Shark.Tank.S03E14",1,0,1,0,2,2,2,0,0,0,1,1,0,0,0,0,0,0,0,0,0,0,0,0,0,0,1,0,0,0,0,0,0,1,0,0,"NY",50000,0.05,1e+06,1,1,0,1,1,1,0,0
"96","CAB-20RockBand","Shark.Tank.S03E14",1,1,0,1,1,2,0,0,0,0,1,0,0,0,0,0,0,0,0,0,0,0,0,0,0,0,0,1,0,0,0,0,0,1,0,0,"CA",2e+05,0.2,1e+06,1,1,0,1,1,1,0,0
"97","BillyBlanksJr.sDanceWithMe","Shark.Tank.S03E14",1,0,1,0,1,1,0,0,0,0,1,0,0,0,0,0,0,0,0,0,0,0,0,0,0,0,0,0,1,0,0,0,0,1,0,0,"CA",1e+05,0.2,5e+05,1,1,0,1,1,1,0,0
"98","WildSquirrelNutButter","Shark.Tank.S03E14",1,0,1,0,2,2,2,0,0,0,0,0,0,0,1,1,0,0,0,0,1,0,0,0,0,0,0,0,0,0,0,0,0,0,1,0,"OR",50000,0.1,5e+05,1,1,0,1,1,1,0,0
"99","CougarEnergy","Shark.Tank.S03E15",0,0,0,1,1,2,0,0,0,0,1,0,0,0,0,0,0,0,0,0,1,0,0,0,0,0,0,0,0,0,0,0,0,1,0,0,"TX",150000,0.3,5e+05,1,1,0,1,1,1,0,0
"100","UniKeyTechnologies","Shark.Tank.S03E15",1,0,1,0,1,2,0,0,0,0,1,0,0,0,0,0,0,0,0,0,0,0,0,1,0,0,0,0,0,0,0,0,0,1,0,0,"FL",5e+05,0.33,1515152,1,1,0,1,1,1,0,0
"101","NitroforceIndustries","Shark.Tank.S03E15",0,0,0,1,2,2,2,0,0,0,1,0,0,0,0,1,0,0,0,0,0,0,0,0,0,0,0,0,1,0,0,0,0,0,0,1,"OH",250000,0.1,2500000,1,1,0,1,1,1,0,0
"102","Remyxx","Shark.Tank.S03E15",1,0,1,0,1,2,0,0,0,0,1,0,0,0,0,0,0,0,0,0,0,0,0,0,0,0,1,0,0,0,0,0,0,1,0,0,"NC",50000,0.1,5e+05,1,1,0,1,1,1,0,0
"103","BodyWalking","Shark.Tank.S04E01",0,0,0,1,2,2,2,0,0,0,1,0,0,0,0,1,0,0,0,0,0,0,0,0,0,0,0,0,1,0,0,0,0,1,0,0,"AZ",1e+05,0.1,1e+06,1,1,0,1,1,1,0,0
"104","BuggyBeds","Shark.Tank.S04E01",1,0,1,0,2,2,2,0,0,0,0,0,0,0,1,1,0,0,0,0,0,0,1,0,0,0,0,0,0,0,0,0,0,0,1,0,"MA",125000,0.07,1785714,1,1,0,1,1,1,0,0
"105","eCreamery","Shark.Tank.S04E02",0,0,0,1,2,2,2,0,0,0,0,0,0,0,1,1,0,0,0,0,1,0,0,0,0,0,0,0,0,0,0,0,0,0,1,0,"NE",250000,0.33,757576,1,1,0,1,1,1,0,0
"106","CateApp","Shark.Tank.S04E02",1,0,1,0,1,1,0,0,0,0,1,0,0,0,0,0,0,0,0,0,0,0,0,1,0,0,0,0,0,0,0,0,0,1,0,0,"CA",50000,0.05,1e+06,1,1,0,1,1,1,0,0
"107","AlphaM","Shark.Tank.S04E02",0,0,0,1,3,2,2,2,0,0,1,1,1,0,0,0,0,0,0,0,0,1,0,0,0,0,0,0,0,0,0,0,0,1,0,0,"GA",50000,0.1,5e+05,1,1,0,1,1,1,0,0
"108","SurfSetFitness","Shark.Tank.S04E02",1,0,1,0,2,2,2,0,0,0,1,0,0,0,0,1,0,0,0,0,0,0,0,0,0,0,0,0,1,0,0,0,0,0,0,1,"NH",150000,0.1,1500000,1,1,0,1,1,1,0,0
"109","LizLovelyCookies","Shark.Tank.S04E03",0,0,0,1,2,2,2,0,0,0,0,1,0,0,1,0,0,0,0,0,1,0,0,0,0,0,0,0,0,0,0,0,0,0,0,1,"VT",2e+05,0.1,2e+06,1,1,0,1,1,1,0,0
"110","RockBands","Shark.Tank.S04E03",1,0,1,0,1,2,0,0,0,0,1,0,0,0,0,0,0,0,0,0,0,0,0,0,0,0,1,0,0,0,0,0,0,1,0,0,"FL",1e+05,0.2,5e+05,1,1,0,1,1,1,0,0
"111","Back9Dips","Shark.Tank.S04E04",1,0,1,0,2,2,2,0,0,0,1,0,0,0,0,1,0,0,0,0,1,0,0,0,0,0,0,0,0,0,0,0,0,0,0,1,"FL",150000,0.15,1e+06,0,1,1,1,1,1,0,0
"112","TheSpatty","Shark.Tank.S04E05",0,0,0,1,1,2,0,0,0,0,0,0,0,0,1,0,0,0,0,0,0,0,0,0,0,0,1,0,0,0,0,0,0,0,1,0,"SC",50000,0.4,125000,1,1,0,1,1,1,0,0
"113","FreakerUSA","Shark.Tank.S04E06",0,0,0,1,1,2,0,0,0,0,1,0,0,0,0,0,0,0,1,0,0,0,0,0,0,0,0,0,0,0,0,0,0,1,0,0,"NC",2e+05,0.1,2e+06,1,1,0,1,1,1,0,0
"114","PRO-NRG","Shark.Tank.S04E06",1,0,1,0,2,2,1,0,0,0,0,1,0,0,1,0,0,0,0,0,1,0,0,0,0,0,0,0,0,0,0,0,0,0,0,1,"NJ",250000,0.15,1666667,1,1,0,1,1,1,0,0
"115","EcoNuts","Shark.Tank.S04E06",0,0,0,1,2,2,2,0,0,0,0,1,0,0,1,0,0,0,0,0,0,0,1,0,0,0,0,0,0,0,0,0,0,0,0,1,"CA",175000,0.15,1166667,1,1,0,1,1,1,0,0
"116","TheSBUUnicycle","Shark.Tank.S04E07",1,0,1,0,2,2,2,0,0,0,1,1,0,0,0,0,0,0,0,0,0,0,0,0,0,0,0,0,1,0,0,0,0,1,0,0,"WA",3e+05,0.1,3e+06,0,1,1,1,1,1,0,0
"117","TheShemie","Shark.Tank.S04E07",0,0,0,1,3,2,2,1,0,0,0,0,0,0,1,1,1,0,0,0,0,0,0,0,0,0,1,0,0,0,0,0,0,1,0,0,"CA",60000,0.2,3e+05,0,1,1,1,1,1,0,0
"118","TheBearTheRat","Shark.Tank.S04E07",0,0,0,1,2,2,2,0,0,0,0,1,0,0,1,0,0,0,0,0,0,0,0,0,0,0,0,0,0,1,0,0,0,0,0,1,"CO",125000,0.2,625000,0,1,1,1,1,1,0,0
"119","NoFlyCone","Shark.Tank.S04E08",0,0,0,1,1,2,0,0,0,0,1,0,0,0,0,0,0,0,0,0,0,0,1,0,0,0,0,0,0,0,0,0,0,1,0,0,"CA",25000,0.15,166667,0,1,1,1,1,1,0,0
"120","CoolWazoo","Shark.Tank.S04E08",1,0,1,0,1,2,0,0,0,0,0,0,0,0,1,0,0,0,0,0,0,0,0,0,1,0,0,0,0,0,0,0,0,0,1,0,"CA",65000,0.25,260000,0,1,1,1,1,1,0,0
"121","DriveSuits","Shark.Tank.S04E09",1,0,1,0,1,2,0,0,0,0,1,0,0,0,0,0,0,0,0,0,0,0,0,0,0,0,1,0,0,0,0,0,0,1,0,0,"CA",150000,0.2,750000,1,1,0,1,1,1,0,0
"122","ReVestor","Shark.Tank.S04E09",0,0,0,1,1,2,0,0,0,0,1,0,0,0,0,0,0,0,0,0,0,1,0,0,0,0,0,0,0,0,0,0,0,1,0,0,"CA",250000,0.1,2500000,1,1,0,1,1,1,0,0
"123","PCClassesOnline","Shark.Tank.S04E09",0,0,0,1,1,2,0,0,0,0,1,0,0,0,0,0,0,0,0,0,0,1,0,0,0,0,0,0,0,0,0,0,0,1,0,0,"MA",150000,0.15,1e+06,1,1,0,1,1,1,0,0
"124","IceChipsCandy","Shark.Tank.S04E09",1,0,1,0,2,2,2,0,0,0,0,0,0,0,1,1,0,0,0,0,1,0,0,0,0,0,0,0,0,0,0,0,0,0,1,0,"WA",250000,0.15,1666667,1,1,0,1,1,1,0,0
"125","Ruckpack","Shark.Tank.S04E10",1,0,1,0,1,2,0,0,0,0,1,0,0,0,0,0,0,0,0,0,1,0,0,0,0,0,0,0,0,0,0,0,0,1,0,0,"CA",75000,0.1,750000,1,1,0,1,1,1,0,0
"126","CorksAway","Shark.Tank.S04E10",0,0,0,1,2,2,2,0,0,0,1,1,0,0,0,0,0,0,0,0,0,0,0,0,0,0,0,1,0,0,0,0,0,1,0,0,"CA",105000,0.2,525000,1,1,0,1,1,1,0,0
"127","TieTry","Shark.Tank.S04E10",0,0,0,1,2,2,2,0,0,0,1,1,0,0,0,0,0,0,0,0,0,0,0,0,0,0,1,0,0,0,0,0,0,1,0,0,"NY",1e+05,0.25,4e+05,1,1,0,1,1,1,0,0
"128","PartiePoche","Shark.Tank.S04E11",0,0,0,1,2,2,2,0,0,0,1,0,0,0,0,1,0,0,0,0,0,0,0,0,0,0,1,0,0,0,0,0,0,0,0,1,"CA",1e+05,0.2,5e+05,1,1,0,1,1,1,0,0
"129","ARKEG","Shark.Tank.S04E12",0,0,0,1,2,2,2,0,0,0,1,1,0,0,0,0,0,0,0,0,0,0,1,0,0,0,0,0,0,0,0,0,0,1,0,0,"CA",1e+05,0.33,303030,0,1,1,1,1,1,0,0
"130","HotTot","Shark.Tank.S04E12",1,0,1,0,2,2,2,0,0,0,0,1,0,0,1,0,0,0,0,0,0,0,0,0,1,0,0,0,0,0,0,0,0,0,1,0,"CO",50000,0.15,333333,0,1,1,1,1,1,0,0
"131","Dura-Tent","Shark.Tank.S04E12",0,0,0,1,1,2,0,0,0,0,1,0,0,0,0,0,0,0,0,0,0,0,0,0,0,0,0,0,1,0,0,0,0,1,0,0,"CA",50000,0.3,166667,0,1,1,1,1,1,0,0
"132","TeddyNeedsaBath","Shark.Tank.S04E13",1,0,1,0,1,2,0,0,0,0,0,0,0,0,1,0,0,0,0,0,0,0,1,0,0,0,0,0,0,0,0,0,0,0,1,0,"CA",50000,0.1,5e+05,0,1,1,1,1,1,0,0
"133","CoffeeJoulies","Shark.Tank.S04E13",1,0,1,0,2,2,2,0,0,0,1,1,0,0,0,0,0,0,1,0,0,0,0,0,0,0,0,0,0,0,0,0,0,1,0,0,"NJ",150000,0.05,3e+06,0,1,1,1,1,1,0,0
"134","SoundBender","Shark.Tank.S04E14",1,0,1,0,1,2,0,0,0,0,1,0,0,0,0,0,0,0,0,0,0,0,0,1,0,0,0,0,0,0,0,0,0,1,0,0,"MN",54000,0.26,207692,1,1,0,1,1,1,0,0
"135","CuddleTunes","Shark.Tank.S04E14",0,0,0,1,1,2,0,0,0,0,1,0,0,0,0,0,0,0,0,0,0,0,0,0,0,0,0,1,0,0,0,0,0,1,0,0,"CA",4e+05,0.2,2e+06,1,1,0,1,1,1,0,0
"136","Bibbitec","Shark.Tank.S04E14",0,0,0,1,2,2,2,0,0,0,0,1,0,0,1,0,0,0,0,0,0,0,0,0,1,0,0,0,0,0,0,0,0,0,0,1,"FL",40000,0.14,285714,1,1,0,1,1,1,0,0
"137","XeroShoes","Shark.Tank.S04E14",1,1,0,1,2,2,2,0,0,0,1,0,0,0,0,1,0,0,0,0,0,0,0,0,0,0,1,0,0,0,0,0,0,0,0,1,"CO",4e+05,0.08,5e+06,1,1,0,1,1,1,0,0
"138","TheGreenGarmento","Shark.Tank.S04E15",0,0,0,1,1,2,0,0,0,0,0,0,0,0,1,0,0,0,0,0,0,0,1,0,0,0,0,0,0,0,0,0,0,0,1,0,"CA",3e+05,0.2,1500000,1,1,0,1,1,1,0,0
"139","MyColdSnap","Shark.Tank.S04E15",0,0,0,1,2,2,2,0,0,0,1,1,0,0,0,0,0,0,1,0,0,0,0,0,0,0,0,0,0,0,0,0,0,1,0,0,"TX",50000,1,50000,1,1,0,1,1,1,0,0
"140","HoodiePillow","Shark.Tank.S04E15",1,0,1,0,2,2,2,0,0,0,1,0,0,0,0,1,0,0,1,0,0,0,0,0,0,0,0,0,0,0,0,0,0,0,0,1,"NJ",90000,0.15,6e+05,1,1,0,1,1,1,0,0
"141","Grinds","Shark.Tank.S04E15",1,0,1,0,2,2,2,0,0,0,1,1,0,0,0,0,0,0,0,0,1,0,0,0,0,0,0,0,0,0,0,0,0,1,0,0,"CA",75000,0.1,750000,1,1,0,1,1,1,0,0
"142","Smartwheel","Shark.Tank.S04E16",1,0,1,0,4,2,2,2,2,2,0,1,0,0,1,0,1,1,0,0,0,0,0,0,0,1,0,0,0,0,0,0,0,0,0,1,"NJ",1e+05,0.15,666667,1,1,0,1,1,1,0,0
"143","PrettyPaddedRoom","Shark.Tank.S04E16",0,0,0,1,1,1,0,0,0,0,0,0,0,0,1,0,0,0,0,0,0,1,0,0,0,0,0,0,0,0,0,0,0,0,1,0,"NY",1e+05,0.3,333333,1,1,0,1,1,1,0,0
"144","HowDoYouRoll","Shark.Tank.S04E16",1,0,1,0,2,3,3,0,0,0,1,1,0,0,0,0,0,0,0,0,1,0,0,0,0,0,0,0,0,0,0,0,0,1,0,0,"TX",1e+06,0.12,8333333,1,1,0,1,1,1,0,0
"145","HipChix","Shark.Tank.S04E17",0,0,0,1,2,2,2,0,0,0,0,0,0,0,1,1,0,0,0,0,0,0,0,0,0,0,1,0,0,0,0,0,0,0,1,0,"TX",150000,0.35,428571,0,1,1,1,1,1,0,0
"146","AddisonsWonderland","Shark.Tank.S04E17",0,0,0,1,2,2,2,0,0,0,0,0,0,0,1,1,0,0,0,0,0,0,0,0,1,0,0,0,0,0,0,0,0,0,1,0,"GA",90000,0.2,450000,0,1,1,1,1,1,0,0
"147","MuddyWaterCamo","Shark.Tank.S04E17",1,1,0,1,2,2,2,0,0,0,1,1,0,0,0,0,0,0,0,0,0,0,0,0,0,0,0,0,1,0,0,0,0,1,0,0,"MS",150000,0.05,3e+06,0,1,1,1,1,1,0,0
"148","ProofEyewear","Shark.Tank.S04E17",1,1,0,1,3,2,2,2,0,0,1,1,1,0,0,0,0,0,0,0,0,0,0,0,0,0,1,0,0,0,0,0,0,1,0,0,"ID",150000,0.1,1500000,0,1,1,1,1,1,0,0
"149","PSIBands","Shark.Tank.S04E18",1,1,0,1,1,2,0,0,0,0,0,0,0,0,1,0,0,0,0,0,0,0,1,0,0,0,0,0,0,0,0,0,0,0,1,0,"CA",250000,0.1,2500000,1,1,0,1,1,1,0,0
"150","NeoInnovations","Shark.Tank.S04E18",0,0,0,1,2,2,2,0,0,0,1,1,0,0,0,0,0,0,0,0,0,0,1,0,0,0,0,0,0,0,0,0,0,1,0,0,"CO",80000,0.2,4e+05,1,1,0,1,1,1,0,0
"151","Cordaroys","Shark.Tank.S04E19",1,0,1,0,2,2,2,0,0,0,1,0,0,0,0,1,0,0,0,0,0,0,1,0,0,0,0,0,0,0,0,0,0,1,0,0,"FL",2e+05,0.2,1e+06,0,1,1,1,1,1,0,0
"152","Coolwraps","Shark.Tank.S04E20",1,0,1,0,1,2,0,0,0,0,1,0,0,0,0,0,0,0,0,0,0,0,1,0,0,0,0,0,0,0,0,0,0,1,0,0,"FL",1e+05,0.4,250000,0,1,1,1,1,1,0,0
"153","SimpleSugars","Shark.Tank.S04E20",1,0,1,0,1,2,0,0,0,0,0,0,0,0,1,0,0,0,0,0,0,0,0,0,0,0,1,0,0,0,0,0,0,0,1,0,"PA",1e+05,0.1,1e+06,0,1,1,1,1,1,0,0
"154","TraditionalFisheries","Shark.Tank.S04E20",0,0,0,1,2,2,2,0,0,0,1,1,0,0,0,0,0,0,0,0,1,0,0,0,0,0,0,0,0,0,0,0,0,1,0,0,"MN",225000,0.25,9e+05,0,1,1,1,1,1,0,0
"155","Liddup","Shark.Tank.S04E21",1,0,1,0,2,2,2,0,0,0,1,1,0,0,0,0,0,0,1,0,0,0,0,0,0,0,0,0,0,0,0,0,0,1,0,0,"NV",1e+05,0.1,1e+06,0,1,1,1,1,1,0,0
"156","RootSuit","Shark.Tank.S04E21",0,0,0,1,1,2,0,0,0,0,1,0,0,0,0,0,0,0,0,0,0,0,0,0,0,0,1,0,0,0,0,0,0,1,0,0,"LA",1e+05,0.15,666667,0,1,1,1,1,1,0,0
"157","GobieH2O","Shark.Tank.S04E21",1,0,1,0,1,2,0,0,0,0,1,0,0,0,0,0,0,0,0,0,0,0,0,0,0,0,0,0,1,0,0,0,0,1,0,0,"CA",3e+05,0.1,3e+06,0,1,1,1,1,1,0,0
"158","MissionBelt","Shark.Tank.S04E22",1,0,1,0,1,2,0,0,0,0,1,0,0,0,0,0,0,0,0,0,0,0,0,0,0,0,1,0,0,0,0,0,0,1,0,0,"UT",50000,0.2,250000,0,1,1,1,1,1,0,0
"159","ShellBobber","Shark.Tank.S04E22",1,0,1,0,2,2,2,0,0,0,1,1,0,0,0,0,0,0,0,0,0,0,0,0,0,0,0,0,1,0,0,0,0,1,0,0,"FL",80000,0.2,4e+05,0,1,1,1,1,1,0,0
"160","WickedGoodCupcakes","Shark.Tank.S04E22",1,0,1,0,2,2,2,0,0,0,0,0,0,0,1,1,0,0,0,0,1,0,0,0,0,0,0,0,0,0,0,0,0,0,1,0,"MA",75000,0.2,375000,0,1,1,1,1,1,0,0
"161","nPowerPegKineticEnergyGenerator","Shark.Tank.S04E22",0,0,0,1,1,2,0,0,0,0,1,0,0,0,0,0,0,0,0,0,0,0,0,0,0,0,0,0,1,0,0,0,0,1,0,0,"OH",2e+06,0.22,9090909,0,1,1,1,1,1,0,0
"162","MistoBox","Shark.Tank.S04E23",1,0,1,0,2,2,2,0,0,0,1,0,0,0,0,1,0,0,0,0,1,0,0,0,0,0,0,0,0,0,0,0,0,0,0,1,"AZ",75000,0.15,5e+05,0,1,1,1,1,1,0,0
"163","VermontButcherBlockBoardCompany","Shark.Tank.S04E23",0,0,0,1,1,2,0,0,0,0,1,0,0,0,0,0,0,0,0,0,0,0,1,0,0,0,0,0,0,0,0,0,0,1,0,0,"VT",4e+05,0.25,1600000,0,1,1,1,1,1,0,0
"164","Mee-MasLouisianaGumboBrick","Shark.Tank.S04E23",1,0,1,0,1,2,0,0,0,0,0,0,0,0,1,0,0,0,0,0,1,0,0,0,0,0,0,0,0,0,0,0,0,0,1,0,"CA",2e+05,0.2,1e+06,0,1,1,1,1,1,0,0
"165","KaZAMBikes","Shark.Tank.S04E24",1,0,1,0,1,2,0,0,0,0,0,0,0,0,1,0,0,0,0,0,0,0,0,0,0,0,0,1,0,0,0,0,0,0,1,0,"VA",3e+05,0.2,1500000,1,1,0,1,1,1,0,0
"166","BabysBadassBurgers","Shark.Tank.S04E24",0,0,0,1,4,2,2,2,2,0,0,0,0,0,1,1,1,1,0,0,1,0,0,0,0,0,0,0,0,0,0,0,0,0,1,0,"FL",250000,0.3,833333,1,1,0,1,1,1,0,0
"167","TrackDays","Shark.Tank.S04E24",0,0,0,1,2,2,2,0,0,0,1,1,0,0,0,0,0,0,0,0,0,0,0,0,0,0,0,1,0,0,0,0,0,1,0,0,"CA",5e+06,0.34,14705882,1,1,0,1,1,1,0,0
"168","PinkShutter","Shark.Tank.S04E24",1,0,1,0,2,3,3,0,0,0,1,1,0,0,0,0,0,0,0,0,0,0,0,0,0,0,0,1,0,0,0,0,0,1,0,0,"CA",3e+05,0.1,3e+06,1,1,0,1,1,1,0,0
"169","StellaValle","Shark.Tank.S04E25",1,0,1,0,2,2,2,0,0,0,0,0,0,0,1,1,0,0,0,0,0,0,0,0,0,0,1,0,0,0,0,0,0,0,1,0,"NJ",150000,0.25,6e+05,0,1,1,1,1,1,0,0
"170","LugLess","Shark.Tank.S04E25",0,0,0,1,1,2,0,0,0,0,1,0,0,0,0,0,0,0,0,0,0,1,0,0,0,0,0,0,0,0,0,0,0,1,0,0,"NY",1e+05,0.1,1e+06,0,1,1,1,1,1,0,0
"171","ThreeDayRule","Shark.Tank.S04E26",0,0,0,1,1,2,0,0,0,0,0,0,0,0,1,0,0,0,0,0,0,1,0,0,0,0,0,0,0,0,0,0,0,0,1,0,"CA",2e+05,0.1,2e+06,1,1,0,1,1,1,0,0
"172","VerbalizeIt","Shark.Tank.S04E26",1,0,1,0,3,4,2,2,0,0,1,1,0,0,0,0,1,0,0,0,0,1,0,0,0,0,0,0,0,0,0,0,0,1,0,0,"NY",250000,0.15,1666667,1,1,0,1,1,1,0,0
"173","RyansBarkery","Shark.Tank.S04E26",1,0,1,0,2,2,2,0,0,0,0,1,0,0,1,0,0,0,0,0,0,0,0,0,0,0,0,0,0,1,0,0,0,1,0,0,"CT",25000,0.25,1e+05,1,1,0,1,1,1,0,0
"174","RoloDoc","Shark.Tank.S05E01",0,0,0,1,2,2,4,0,0,0,1,1,0,0,0,0,0,0,0,0,0,1,0,0,0,0,0,0,0,0,0,0,0,1,0,0,"AZ",50000,0.2,250000,1,1,1,1,0,1,0,0
"175","Breathometer","Shark.Tank.S05E02",1,0,1,0,1,3,0,0,0,0,1,0,0,0,0,0,0,0,0,0,0,0,0,0,0,1,0,0,0,0,0,0,0,1,0,0,"CA",250000,0.1,2500000,0,1,1,1,1,1,0,0
"176","MangoMango","Shark.Tank.S05E02",1,0,0,1,3,1,1,1,0,0,0,0,0,0,1,1,1,0,0,0,1,0,0,0,0,0,0,0,0,0,0,0,0,0,1,0,"VA",75000,0.2,375000,0,1,1,1,1,1,0,0
"177","FairytaleWishes","Shark.Tank.S05E03",0,0,0,1,1,2,0,0,0,0,0,0,0,0,1,0,0,0,0,0,0,0,0,0,1,0,0,0,0,0,0,0,0,0,1,0,"IL",35000,0.33,106061,1,1,1,1,0,1,0,0
"178","Freeloader","Shark.Tank.S05E03",1,0,1,0,2,2,4,0,0,0,1,1,0,0,0,0,0,0,0,0,0,0,0,0,1,0,0,0,0,0,0,0,0,1,0,0,"TX",2e+05,0.15,1333333,1,1,1,1,0,1,0,0
"179","RapidRamenCooker","Shark.Tank.S05E03",1,0,1,0,1,1,0,0,0,0,1,0,0,0,0,0,0,0,0,0,0,0,1,0,0,0,0,0,0,0,0,0,0,1,0,0,"CA",3e+05,0.1,3e+06,1,1,1,1,0,1,0,0
"180","KooknKap","Shark.Tank.S05E03",0,0,0,1,2,2,4,0,0,0,0,0,0,0,1,1,0,0,0,0,0,0,1,0,0,0,0,0,0,0,0,0,0,0,1,0,"CA",50000,0.2,250000,1,1,1,1,0,1,0,0
"181","Scan.Me","Shark.Tank.S05E04",0,0,0,1,1,4,0,0,0,0,1,0,0,0,0,0,0,0,0,0,0,0,0,1,0,0,0,0,0,0,0,0,0,1,0,0,"CA",1e+06,0.05,2e+07,0,1,1,1,1,1,0,0
"182","ScreenMend","Shark.Tank.S05E04",1,0,1,0,3,2,2,2,0,0,1,0,0,0,0,1,1,0,0,0,0,0,1,0,0,0,0,0,0,0,0,0,0,0,0,1,"NY",30000,0.25,120000,0,1,1,1,1,1,0,0
"183","VeggieMamaGardenPops","Shark.Tank.S05E05",1,0,1,0,2,2,4,0,0,0,0,1,0,0,1,0,0,0,0,0,0,0,0,0,1,0,0,0,0,0,0,0,0,0,0,1,"CA",75000,0.15,5e+05,1,1,1,1,0,1,0,0
"184","RentAGoat","Shark.Tank.S05E05",0,0,0,1,3,2,2,2,0,0,1,1,0,0,0,0,1,0,0,0,0,1,0,0,0,0,0,0,0,0,0,0,0,1,0,0,"CA",150000,0.25,6e+05,1,1,1,1,0,1,0,0
"185","RuffleButtsandRuggedButts","Shark.Tank.S05E05",1,0,1,0,2,4,4,0,0,0,1,0,0,0,0,1,0,0,0,0,0,0,0,0,1,0,0,0,0,0,0,0,0,0,0,1,"TX",6e+05,0.07,8571429,1,1,1,1,0,1,0,0
"186","ElephantChat","Shark.Tank.S05E06",0,0,0,1,2,2,2,0,0,0,1,0,0,0,0,1,0,0,1,0,0,0,0,0,0,0,0,0,0,0,0,0,0,0,0,1,"TX",50000,0.2,250000,0,1,1,1,1,1,0,0
"187","FiberFix","Shark.Tank.S05E06",1,0,1,0,2,2,2,0,0,0,1,1,0,0,0,0,0,0,0,0,0,0,1,0,0,0,0,0,0,0,0,0,0,1,0,0,"UT",90000,0.1,9e+05,0,1,1,1,1,1,0,0
"188","180Cup","Shark.Tank.S05E07",1,0,1,0,1,4,0,0,0,0,1,0,0,0,0,0,0,0,0,0,0,0,1,0,0,0,0,0,0,0,0,0,0,1,0,0,"NY",3e+05,0.15,2e+06,0,1,1,0,1,1,0,1
"189","BetterLife","Shark.Tank.S05E07",1,0,1,0,2,2,2,0,0,0,1,1,0,0,0,0,0,0,0,0,0,0,1,0,0,0,0,0,0,0,0,0,0,1,0,0,"MO",4e+05,0.07,5714286,0,1,1,0,1,1,0,1
"190","TreeTPee","Shark.Tank.S05E07",1,0,1,0,1,4,0,0,0,0,1,0,0,0,0,0,0,0,0,0,0,0,1,0,0,0,0,0,0,0,0,0,0,1,0,0,"FL",150000,0.2,750000,0,1,1,0,1,1,0,1
"191","PaparazziProposals","Shark.Tank.S05E08",1,0,1,0,1,4,0,0,0,0,1,0,0,0,0,0,0,0,0,0,0,0,0,0,0,0,1,0,0,0,0,0,0,1,0,0,"NY",250000,0.2,1250000,1,1,1,1,0,1,0,0
"192","PetPaint","Shark.Tank.S05E08",1,1,0,1,1,2,0,0,0,0,1,0,0,0,0,0,0,0,0,0,0,0,0,0,0,0,0,0,0,1,0,0,0,1,0,0,"CA",2e+05,0.2,1e+06,1,1,1,1,0,1,0,0
"193","MagicalMoments","Shark.Tank.S05E09",0,0,0,1,3,4,4,2,0,0,1,1,1,0,0,0,0,0,0,0,0,1,0,0,0,0,0,0,0,0,0,0,0,1,0,0,"MI",5e+05,0.15,3333333,0,1,1,1,1,1,0,0
"194","DoorBot","Shark.Tank.S05E09",1,1,0,1,1,2,0,0,0,0,1,0,0,0,0,0,0,0,0,0,0,0,1,0,0,0,0,0,0,0,0,0,0,1,0,0,"CA",7e+05,0.1,7e+06,0,1,1,1,1,1,0,0
"195","Slawsa","Shark.Tank.S05E09",0,0,0,1,1,4,0,0,0,0,0,0,0,0,1,0,0,0,0,0,1,0,0,0,0,0,0,0,0,0,0,0,0,0,1,0,"NC",150000,0.15,1e+06,0,1,1,1,1,1,0,0
"196","GraceLace","Shark.Tank.S05E10",1,0,1,0,2,2,4,0,0,0,1,0,0,0,0,1,0,0,0,0,0,0,0,0,0,0,1,0,0,0,0,0,0,0,0,1,"TX",175000,0.1,1750000,1,1,1,1,0,1,0,0
"197","Yubo","Shark.Tank.S05E10",1,0,1,0,2,2,4,0,0,0,1,0,0,0,0,1,0,0,0,0,0,0,0,0,0,0,0,1,0,0,0,0,0,0,0,1,"CA",150000,0.15,1e+06,1,1,1,1,0,1,0,0
"198","PurseCase","Shark.Tank.S05E10",1,0,1,0,2,2,2,0,0,0,0,0,0,0,1,1,0,0,0,0,0,0,0,0,0,0,1,0,0,0,0,0,0,0,1,0,"CA",55000,0.12,458333,1,1,1,1,0,1,0,0
"199","Fohawx","Shark.Tank.S05E11",0,0,0,1,2,2,4,0,0,0,0,0,0,0,1,1,0,0,0,0,0,0,0,0,1,0,0,0,0,0,0,0,0,0,1,0,"NY",150000,0.3,5e+05,1,1,0,1,1,1,0,0
"200","VirtuixOmni","Shark.Tank.S05E11",0,0,0,1,1,2,0,0,0,0,1,0,0,0,0,0,0,0,0,0,0,0,0,1,0,0,0,0,0,0,0,0,0,1,0,0,"TX",2e+06,0.1,2e+07,1,1,0,1,1,1,0,0
"201","BubbasQBBQ","Shark.Tank.S05E11",1,0,1,0,2,1,1,0,0,0,1,0,0,0,0,1,0,0,0,0,1,0,0,0,0,0,0,0,0,0,0,0,0,0,0,1,"OH",3e+05,0.15,2e+06,1,1,0,1,1,1,0,0
"202","Lite-Netics","Shark.Tank.S05E12",0,0,0,1,1,2,0,0,0,0,1,0,0,0,0,0,0,0,0,0,0,0,1,0,0,0,0,0,0,0,0,0,0,1,0,0,"TX",125000,0.2,625000,0,1,1,1,1,1,0,0
"203","CashmereHair","Shark.Tank.S05E12",0,0,0,1,2,2,2,0,0,0,0,0,0,0,1,1,0,0,0,0,0,0,0,0,0,0,1,0,0,0,0,0,0,0,1,0,"CA",45000,0.15,3e+05,0,1,1,1,1,1,0,0
"204","TipsyElves","Shark.Tank.S05E12",1,0,1,0,2,4,4,0,0,0,1,1,0,0,0,0,0,0,0,0,0,0,1,0,0,0,0,0,0,0,0,0,0,1,0,0,"CA",1e+05,0.05,2e+06,0,1,1,1,1,1,0,0
"205","BounceBootCamp","Shark.Tank.S05E13",0,0,0,1,1,4,0,0,0,0,1,0,0,0,0,0,0,0,0,0,0,0,0,0,0,0,0,1,0,0,0,0,0,1,0,0,"AZ",30000,0.2,150000,0,1,1,1,1,1,0,0
"206","Eyebloc","Shark.Tank.S05E13",0,0,0,1,1,2,0,0,0,0,1,0,0,0,0,0,0,0,1,0,0,0,0,0,0,0,0,0,0,0,0,0,0,1,0,0,"DC",50000,0.1,5e+05,0,1,1,1,1,1,0,0
"207","WallRx","Shark.Tank.S05E13",1,0,1,0,1,1,0,0,0,0,1,0,0,0,0,0,0,0,0,0,0,0,1,0,0,0,0,0,0,0,0,0,0,1,0,0,"DE",150000,0.1,1500000,0,1,1,1,1,1,0,0
"208","BalloonDistractions","Shark.Tank.S05E14",0,0,0,1,1,2,0,0,0,0,1,0,0,0,0,0,0,0,0,0,0,0,0,0,0,0,0,1,0,0,0,0,0,1,0,0,"FL",250000,0.3,833333,1,1,1,1,0,1,0,0
"209","Invisiplug","Shark.Tank.S05E14",1,0,1,0,2,2,2,0,0,0,1,1,0,0,0,0,0,0,0,0,0,0,1,0,0,0,0,0,0,0,0,0,0,1,0,0,"CA",125000,0.1,1250000,1,1,1,1,0,1,0,0
"210","AlaskaGlacialMudCo.","Shark.Tank.S05E14",0,0,0,1,1,2,0,0,0,0,0,0,0,0,1,0,0,0,0,0,0,0,0,0,0,0,1,0,0,0,0,0,0,0,1,0,"AK",1e+05,0.2,5e+05,1,1,1,1,0,1,0,0
"211","LockerBones","Shark.Tank.S05E14",1,0,1,0,2,2,4,0,0,0,1,1,0,0,0,0,0,0,0,0,0,0,1,0,0,0,0,0,0,0,0,0,0,1,0,0,"MS",175000,0.1,1750000,1,1,1,1,0,1,0,0
"212","SwimZip","Shark.Tank.S05E15",1,0,1,0,2,2,2,0,0,0,1,0,0,0,0,1,0,0,0,0,0,0,0,0,1,0,0,0,0,0,0,0,0,0,0,1,"KS",60000,0.05,1200000,0,1,1,1,1,1,0,0
"213","FitDeck","Shark.Tank.S05E15",0,0,0,1,1,4,0,0,0,0,1,0,0,0,0,0,0,0,0,0,0,0,0,0,0,0,0,0,1,0,0,0,0,1,0,0,"CA",3e+05,0.2,1500000,0,1,1,1,1,1,0,0
"214","Cycloramic","Shark.Tank.S05E16",1,0,1,0,1,4,0,0,0,0,1,0,0,0,0,0,0,0,0,0,0,0,0,1,0,0,0,0,0,0,0,0,0,1,0,0,"GA",90000,0.05,1800000,0,1,1,0,1,1,0,1
"215","DDPYoga","Shark.Tank.S05E17",0,0,0,1,2,2,3,0,0,0,1,1,0,0,0,0,0,0,0,0,0,0,0,0,0,0,0,0,1,0,0,0,0,1,0,0,"GA",2e+05,0.05,4e+06,1,1,0,1,1,1,0,0
"216","SouthernCultureArtisanFoods","Shark.Tank.S05E17",1,0,1,0,1,1,0,0,0,0,0,0,0,0,1,0,0,0,0,0,1,0,0,0,0,0,0,0,0,0,0,0,0,0,1,0,"GA",1e+05,0.25,4e+05,1,1,0,1,1,1,0,0
"217","SpyEscapeandEvasion","Shark.Tank.S05E17",1,0,1,0,1,2,0,0,0,0,1,0,0,0,0,0,0,0,0,0,0,1,0,0,0,0,0,0,0,0,0,0,0,1,0,0,"UT",1e+05,0.15,666667,1,1,0,1,1,1,0,0
"218","Moberi","Shark.Tank.S05E17",0,0,0,1,1,2,0,0,0,0,1,0,0,0,0,0,0,0,0,0,1,0,0,0,0,0,0,0,0,0,0,0,0,1,0,0,"OR",50000,0.15,333333,1,1,0,1,1,1,0,0
"219","ZipItBedding","Shark.Tank.S05E18",0,0,0,1,2,2,4,0,0,0,0,0,0,0,1,1,0,0,0,0,0,0,0,0,1,0,0,0,0,0,0,0,0,0,1,0,"CA",75000,0.2,375000,1,1,1,1,0,1,0,0
"220","Cheekd","Shark.Tank.S05E18",0,0,0,1,1,2,0,0,0,0,0,0,0,0,1,0,0,0,0,0,0,1,0,0,0,0,0,0,0,0,0,0,0,0,1,0,"NY",1e+05,0.1,1e+06,1,1,1,1,0,1,0,0
"221","Buzzy4Shots","Shark.Tank.S05E18",1,1,0,1,1,2,0,0,0,0,0,0,0,0,1,0,0,0,0,0,0,0,0,0,1,0,0,0,0,0,0,0,0,0,1,0,"GA",5e+05,0.05,1e+07,1,1,1,1,0,1,0,0
"222","BufferBit","Shark.Tank.S05E19",0,0,0,1,1,2,0,0,0,0,1,0,0,0,0,0,0,0,0,0,0,0,0,0,0,1,0,0,0,0,0,0,0,1,0,0,"IL",75000,0.25,3e+05,0,1,1,1,1,1,0,0
"223","U-Lace","Shark.Tank.S05E19",1,0,1,0,1,1,0,0,0,0,1,0,0,0,0,0,0,0,0,0,0,0,0,0,1,0,0,0,0,0,0,0,0,1,0,0,"NY",2e+05,0.25,8e+05,0,1,1,1,1,1,0,0
"224","iReTron","Shark.Tank.S05E20",1,0,1,0,1,3,0,0,0,0,1,0,0,0,0,0,0,0,0,0,0,1,0,0,0,0,0,0,0,0,0,0,0,1,0,0,"CA",1e+05,0.2,5e+05,1,1,1,1,0,1,0,0
"225","HenrysHumdingers","Shark.Tank.S05E20",1,0,1,0,1,2,0,0,0,0,1,0,0,0,0,0,0,0,0,0,1,0,0,0,0,0,0,0,0,0,0,0,0,1,0,0,"WA",150000,0.25,6e+05,1,1,1,1,0,1,0,0
"226","DefineBottle","Shark.Tank.S05E20",0,0,0,1,1,2,0,0,0,0,1,0,0,0,0,0,0,0,0,0,0,0,0,0,0,0,0,0,1,0,0,0,0,1,0,0,"VA",1e+05,0.2,5e+05,1,1,1,1,0,1,0,0
"227","Chapul","Shark.Tank.S05E21",1,0,1,0,1,2,0,0,0,0,1,0,0,0,0,0,0,0,0,0,1,0,0,0,0,0,0,0,0,0,0,0,0,1,0,0,"UT",50000,0.05,1e+06,1,1,0,1,1,1,0,0
"228","Morninghead","Shark.Tank.S05E21",0,0,0,1,1,4,0,0,0,0,1,0,0,0,0,0,0,0,0,0,0,0,0,0,0,0,1,0,0,0,0,0,0,1,0,0,"MA",25000,0.2,125000,1,1,0,1,1,1,0,0
"229","Packback","Shark.Tank.S05E21",1,0,1,0,2,1,2,0,0,0,1,1,0,0,0,0,0,0,0,0,0,0,0,0,1,0,0,0,0,0,0,0,0,0,0,1,"IL",2e+05,0.1,2e+06,1,1,0,1,1,1,0,0
"230","GarageDoorLock","Shark.Tank.S05E21",1,0,1,0,1,2,0,0,0,0,1,0,0,0,0,0,0,0,0,0,0,0,1,0,0,0,0,0,0,0,0,0,0,1,0,0,"CA",275000,0.3,916667,1,1,0,1,1,1,0,0
"231","Plated","Shark.Tank.S05E22",1,0,1,0,2,4,4,0,0,0,1,1,0,0,0,0,0,0,0,0,1,0,0,0,0,0,0,0,0,0,0,0,0,1,0,0,"NY",5e+05,0.04,12500000,1,1,1,1,0,1,0,0
"232","MonkeyMat","Shark.Tank.S05E22",1,0,1,0,2,2,2,0,0,0,0,0,0,0,1,1,0,0,0,0,0,0,0,0,1,0,0,0,0,0,0,0,0,0,0,1,"TX",1e+05,0.3,333333,1,1,1,1,0,1,0,0
"233","LordNutLevington","Shark.Tank.S05E23",0,0,0,1,1,4,0,0,0,0,1,0,0,0,0,0,0,0,0,0,1,0,0,0,0,0,0,0,0,0,0,0,0,1,0,0,"TX",5e+05,0.3,1666667,1,1,1,1,0,1,0,0
"234","HappyFeet","Shark.Tank.S05E23",1,0,1,0,1,2,0,0,0,0,1,0,0,0,0,0,0,0,1,0,0,0,0,0,0,0,0,0,0,0,0,0,0,1,0,0,"KY",375000,0.15,2500000,1,1,1,1,0,1,0,0
"235","HoldYourHaunches","Shark.Tank.S05E23",1,0,1,0,2,2,2,0,0,0,0,0,0,0,1,1,0,0,0,0,0,0,0,0,0,0,1,0,0,0,0,0,0,0,1,0,"GA",75000,0.2,375000,1,1,1,1,0,1,0,0
"236","TaylorRobinsonMusic","Shark.Tank.S05E24",0,0,0,1,1,2,0,0,0,0,1,0,0,0,0,0,0,0,0,0,0,1,0,0,0,0,0,0,0,0,0,0,0,1,0,0,"TX",1e+05,0.1,1e+06,0,1,1,1,1,1,0,0
"237","QuickstopFireSprinklerTools","Shark.Tank.S05E24",1,1,0,1,1,2,0,0,0,0,1,0,0,0,0,0,0,0,0,0,0,0,1,0,0,0,0,0,0,0,0,0,0,1,0,0,"CA",150000,0.1,1500000,0,1,1,1,1,1,0,0
"238","Intelli-Stopper","Shark.Tank.S05E25",0,0,0,1,2,2,2,0,0,0,1,1,0,0,0,0,0,0,0,0,0,0,1,0,0,0,0,0,0,0,0,0,0,1,0,0,"NV",250000,0.1,2500000,1,1,1,1,0,1,0,0
"239","FortMagic","Shark.Tank.S05E25",0,0,0,1,1,2,0,0,0,0,0,0,0,0,1,0,0,0,0,0,0,0,0,0,0,0,0,1,0,0,0,0,0,0,1,0,"FL",75000,0.15,5e+05,1,1,1,1,0,1,0,0
"240","iLumi","Shark.Tank.S05E25",1,0,1,0,2,2,1,0,0,0,1,1,0,0,0,0,0,0,0,0,0,0,0,1,0,0,0,0,0,0,0,0,0,1,0,0,"TX",350000,0.15,2333333,1,1,1,1,0,1,0,0
"241","RuggedManiacObstacleRace","Shark.Tank.S05E26",1,0,1,0,2,2,2,0,0,0,1,1,0,0,0,0,0,0,0,0,0,0,0,0,0,0,0,1,0,0,0,0,0,1,0,0,"MA",1e+06,0.1,1e+07,1,1,0,1,1,1,0,0
"242","CerebralSuccess","Shark.Tank.S05E26",1,0,1,0,1,2,0,0,0,0,1,0,0,0,0,0,0,0,0,0,0,0,1,0,0,0,0,0,0,0,0,0,0,1,0,0,"UT",75000,0.2,375000,1,1,0,1,1,1,0,0
"243","CrioBru","Shark.Tank.S05E26",0,0,0,1,2,2,2,0,0,0,1,1,0,0,0,0,0,0,0,0,1,0,0,0,0,0,0,0,0,0,0,0,0,1,0,0,"UT",1e+06,0.1,1e+07,1,1,0,1,1,1,0,0
"244","MosBows","Shark.Tank.S05E26",0,0,0,1,2,1,1,0,0,0,1,0,0,0,0,1,0,0,0,0,0,0,0,0,0,0,1,0,0,0,0,0,0,1,0,0,"TN",50000,0.2,250000,1,1,0,1,1,1,0,0
"245","HangEase","Shark.Tank.S05E27",1,0,1,0,1,2,0,0,0,0,1,0,0,0,0,0,0,0,0,0,0,0,1,0,0,0,0,0,0,0,0,0,0,1,0,0,"TX",80000,0.3,266667,1,1,1,1,0,1,0,0
"246","TheBouqsCompany","Shark.Tank.S05E27",0,0,0,1,1,2,0,0,0,0,1,0,0,0,0,0,0,0,0,0,0,1,0,0,0,0,0,0,0,0,0,0,0,1,0,0,"CA",258000,0.03,8600000,1,1,1,1,0,1,0,0
"247","Angellift","Shark.Tank.S05E27",0,0,1,0,1,2,0,0,0,0,1,0,0,0,0,0,0,0,0,0,0,0,0,0,0,0,1,0,0,0,0,0,0,1,0,0,"CA",5e+05,0.1,5e+06,1,1,1,1,0,1,0,0
"248","SustyParty","Shark.Tank.S05E27",1,1,0,1,2,2,1,0,0,0,0,0,0,0,1,1,0,0,0,0,0,0,1,0,0,0,0,0,0,0,0,0,0,0,1,0,"NY",250000,0.1,2500000,1,1,1,1,0,1,0,0
"249","BonAffair","Shark.Tank.S05E28",1,0,1,0,1,2,0,0,0,0,0,0,0,0,1,0,0,0,0,0,1,0,0,0,0,0,0,0,0,0,0,0,0,0,1,0,"CA",150000,0.35,428571,1,1,0,1,1,1,0,0
"250","HargittMarineServices","Shark.Tank.S05E28",0,0,0,1,1,2,0,0,0,0,1,0,0,0,0,0,0,0,0,0,0,1,0,0,0,0,0,0,0,0,0,0,0,1,0,0,"WA",250000,0.25,1e+06,1,1,0,1,1,1,0,0
"251","OruKayak","Shark.Tank.S05E28",1,0,1,0,3,4,4,2,0,0,1,1,1,0,0,0,0,0,0,0,0,0,0,0,0,0,0,0,1,0,0,0,0,1,0,0,"CA",5e+05,0.12,4166667,1,1,0,1,1,1,0,0
"252","Cinnaholic","Shark.Tank.S05E28",1,0,1,0,2,2,2,0,0,0,1,0,0,0,0,1,0,0,0,0,1,0,0,0,0,0,0,0,0,0,0,0,0,0,0,1,"CA",2e+05,0.2,1e+06,1,1,0,1,1,1,0,0
"253","BakersEdge","Shark.Tank.S05E29",0,0,0,1,2,2,2,0,0,0,1,0,0,0,0,1,0,0,0,0,0,0,1,0,0,0,0,0,0,0,0,0,0,0,0,1,"IN",4e+05,0.2,2e+06,1,1,1,1,0,1,0,0
"254","Tie-Not","Shark.Tank.S05E29",1,1,0,1,2,4,4,0,0,0,1,1,0,0,0,0,0,0,0,0,0,0,0,0,0,0,0,1,0,0,0,0,0,1,0,0,"IL",125000,0.1,1250000,1,1,1,1,0,1,0,0
"255","FootFairy","Shark.Tank.S05E29",1,0,1,0,2,2,2,0,0,0,0,0,0,0,1,1,0,0,0,0,0,1,0,0,0,0,0,0,0,0,0,0,0,0,1,0,"CA",75000,0.15,5e+05,1,1,1,1,0,1,0,0
"256","BZBox","Shark.Tank.S05E29",1,0,1,0,1,1,0,0,0,0,0,0,0,0,1,0,0,0,0,0,0,0,1,0,0,0,0,0,0,0,0,0,0,0,1,0,"IL",50000,0.2,250000,1,1,1,1,0,1,0,0
"257","Amber","Shark.Tank.S06E01",0,0,0,1,2,2,4,0,0,0,1,1,0,0,0,0,0,0,0,0,0,0,0,1,0,0,0,0,0,0,0,0,0,1,0,0,"DC",2e+05,0.2,1e+06,0,1,1,1,1,1,0,0
"258","HammerNails","Shark.Tank.S06E01",0,0,0,1,2,1,1,0,0,0,1,0,0,0,0,1,0,0,0,0,0,0,0,0,0,0,1,0,0,0,0,0,0,1,0,0,"CA",2e+05,0.2,1e+06,0,1,1,1,1,1,0,0
"259","SleepingBaby","Shark.Tank.S06E01",1,0,1,0,2,2,2,0,0,0,1,0,0,0,0,1,0,0,0,0,0,0,0,0,1,0,0,0,0,0,0,0,0,0,0,1,"TX",2e+05,0.1,2e+06,0,1,1,1,1,1,0,0
"260","TheFloatingMugCo.","Shark.Tank.S06E02",0,0,0,1,1,1,0,0,0,0,1,0,0,0,0,0,0,0,1,0,0,0,0,0,0,0,0,0,0,0,0,0,0,1,0,0,"NC",75000,0.15,5e+05,1,1,1,1,0,1,0,0
"261","KronosGolf","Shark.Tank.S06E02",1,0,1,0,2,2,3,0,0,0,1,1,0,0,0,0,0,0,0,0,0,0,0,0,0,0,0,0,1,0,0,0,0,1,0,0,"CA",150000,0.15,1e+06,1,1,1,1,0,1,0,0
"262","DrumPants","Shark.Tank.S06E03",0,0,0,1,2,2,3,0,0,0,1,0,0,0,0,1,0,0,0,0,0,0,0,0,0,0,0,1,0,0,0,0,0,0,0,1,"CA",150000,0.05,3e+06,0,1,1,1,1,1,0,0
"263","SoapSox","Shark.Tank.S06E03",1,1,0,1,2,1,3,0,0,0,1,1,0,0,0,0,0,0,0,0,0,0,0,0,1,0,0,0,0,0,0,0,0,1,0,0,"CA",260000,0.1,2600000,0,1,1,1,1,1,0,0
"264","HeartPup","Shark.Tank.S06E03",1,0,1,0,1,2,0,0,0,0,0,0,0,0,1,0,0,0,0,0,0,0,0,0,0,0,0,0,0,1,0,0,0,0,1,0,"CA",25000,0.1,250000,0,1,1,1,1,1,0,0
"265","NinjaCards","Shark.Tank.S06E03",0,0,0,1,2,2,2,0,0,0,1,1,0,0,0,0,0,0,0,0,0,0,0,0,0,0,0,1,0,0,0,0,0,1,0,0,"IL",60000,0.3,2e+05,0,1,1,1,1,1,0,0
"266","PaperBoxPilots","Shark.Tank.S06E04",1,0,1,0,2,2,2,0,0,0,1,1,0,0,0,0,0,0,0,0,0,0,0,0,0,0,0,1,0,0,0,0,0,1,0,0,"UT",35000,0.25,140000,1,1,1,1,0,1,0,0
"267","Tablejacks","Shark.Tank.S06E04",0,0,0,1,1,3,0,0,0,0,1,0,0,0,0,0,0,0,1,0,0,0,0,0,0,0,0,0,0,0,0,0,0,1,0,0,"TX",1e+05,0.25,4e+05,1,1,1,1,0,1,0,0
"268","Reviver","Shark.Tank.S06E04",1,0,1,0,2,2,2,0,0,0,1,1,0,0,0,0,0,0,0,0,0,0,0,0,0,0,1,0,0,0,0,0,0,1,0,0,"TX",150000,0.05,3e+06,1,1,1,1,0,1,0,0
"269","FunCakes","Shark.Tank.S06E04",0,0,0,1,2,2,2,0,0,0,1,0,0,0,0,1,0,0,0,0,0,0,0,0,0,0,1,0,0,0,0,0,0,0,1,0,"MI",285000,0.25,1140000,1,1,1,1,0,1,0,0
"270","TheCaddyGirls","Shark.Tank.S06E05",1,1,0,1,1,2,0,0,0,0,0,0,0,0,1,0,0,0,0,0,0,0,0,0,0,0,0,1,0,0,0,0,0,0,0,1,"NC",1e+05,0.2,5e+05,0,1,1,1,1,1,0,0
"271","Sun-Staches","Shark.Tank.S06E05",1,0,1,0,3,2,2,2,0,0,1,1,1,0,0,0,0,0,1,0,0,0,0,0,0,0,0,0,0,0,0,0,0,1,0,0,"CA",3e+05,0.05,6e+06,0,1,1,1,1,1,0,0
"272","JungleJumparoo","Shark.Tank.S06E05",0,0,0,1,2,2,2,0,0,0,1,0,0,0,0,1,0,0,0,0,0,0,0,0,0,0,0,1,0,0,0,0,0,0,0,1,"UT",1e+05,0.2,5e+05,0,1,1,1,1,1,0,0
"273","BeatBoxBeverages","Shark.Tank.S06E06",1,0,1,0,3,2,2,2,0,0,1,1,0,0,0,0,1,0,0,0,1,0,0,0,0,0,0,0,0,0,0,0,0,0,0,1,"TX",2e+05,0.1,2e+06,1,1,1,1,0,1,0,0
"274","EmergenSee","Shark.Tank.S06E06",0,0,0,1,2,2,4,0,0,0,1,1,0,0,0,0,0,0,0,0,0,0,1,0,0,0,0,0,0,0,0,0,0,1,0,0,"CA",250000,0.1,2500000,1,1,1,1,0,1,0,0
"275","TheOilerie","Shark.Tank.S06E06",0,0,0,1,1,2,0,0,0,0,1,0,0,0,0,0,0,0,0,0,1,0,0,0,0,0,0,0,0,0,0,0,0,0,0,1,"WI",5e+05,0.35,1428571,1,1,1,1,0,1,0,0
"276","MyselfBelts","Shark.Tank.S06E07",1,0,1,0,1,2,0,0,0,0,0,0,0,0,1,0,0,0,0,0,0,0,0,0,1,0,0,0,0,0,0,0,0,0,1,0,"MO",60000,0.1,6e+05,0,1,1,1,1,1,0,0
"277","Beardbrand","Shark.Tank.S06E07",0,0,0,1,1,2,0,0,0,0,1,0,0,0,0,0,0,0,0,0,0,0,0,0,0,0,1,0,0,0,0,0,0,1,0,0,"CA",4e+05,0.15,2666667,0,1,1,1,1,1,0,0
"278","TITIN","Shark.Tank.S06E07",1,0,1,0,1,2,0,0,0,0,1,0,0,0,0,0,0,0,0,0,0,0,0,0,0,0,0,0,1,0,0,0,0,1,0,0,"GA",5e+05,0.05,1e+07,0,1,1,1,1,1,0,0
"279","BottleBreacher","Shark.Tank.S06E08",1,0,1,0,2,2,2,0,0,0,1,0,0,0,0,1,0,0,1,0,0,0,0,0,0,0,0,0,0,0,0,0,0,1,0,0,"AZ",150000,0.1,1500000,0,1,1,1,1,1,0,0
"280","manPACK","Shark.Tank.S06E08",0,0,0,1,1,2,0,0,0,0,1,0,0,0,0,0,0,0,0,0,0,0,0,0,0,0,1,0,0,0,0,0,0,1,0,0,"VA",2e+05,0.29,689655,0,1,1,1,1,1,0,0
"281","SquattyPotty","Shark.Tank.S06E09",1,0,1,0,2,2,2,0,0,0,1,0,0,0,0,1,0,0,0,1,0,0,0,0,0,0,0,0,0,0,0,0,0,0,0,1,"UT",350000,0.05,7e+06,1,1,1,1,0,1,0,0
"282","HeidiHo","Shark.Tank.S06E09",1,0,1,0,1,2,0,0,0,0,0,0,0,0,1,0,0,0,0,0,1,0,0,0,0,0,0,0,0,0,0,0,0,0,1,0,"OR",125000,0.2,625000,1,1,1,1,0,1,0,0
"283","StormStoppers","Shark.Tank.S06E09",0,0,0,1,1,2,0,0,0,0,1,0,0,0,0,0,0,0,1,0,0,0,0,0,0,0,0,0,0,0,0,0,0,1,0,0,"FL",1e+05,0.1,1e+06,1,1,1,1,0,1,0,0
"284","Pipsnacks","Shark.Tank.S06E09",1,0,1,0,2,2,4,0,0,0,1,0,0,0,0,1,0,0,0,0,1,0,0,0,0,0,0,0,0,0,0,0,0,0,0,1,"NY",2e+05,0.1,2e+06,1,1,1,1,0,1,0,0
"285","OfftheCob","Shark.Tank.S06E10",0,0,0,1,1,2,0,0,0,0,1,0,0,0,0,0,0,0,0,0,1,0,0,0,0,0,0,0,0,0,0,0,0,1,0,0,"NY",1e+05,0.15,666667,0,1,1,0,1,1,0,1
"286","GamedayCouture","Shark.Tank.S06E11",1,0,1,0,2,2,2,0,0,0,1,0,0,0,0,1,0,0,0,0,0,0,0,0,0,0,1,0,0,0,0,0,0,0,0,1,"OK",5e+05,0.2,2500000,0,1,1,1,1,1,0,0
"287","Zipz","Shark.Tank.S06E11",1,0,1,0,1,2,0,0,0,0,1,0,0,0,0,0,0,0,0,0,1,0,0,0,0,0,0,0,0,0,0,0,0,1,0,0,"CA",2500000,0.1,2.5e+07,0,1,1,1,1,1,0,0
"288","biaggi","Shark.Tank.S06E11",1,0,1,0,1,2,0,0,0,0,1,0,0,0,0,0,0,0,0,0,0,0,1,0,0,0,0,0,0,0,0,0,0,1,0,0,"NY",5e+05,0.3,1666667,0,1,1,1,1,1,0,0
"289","Q-Flex","Shark.Tank.S06E12",1,0,1,0,2,3,3,0,0,0,0,0,0,0,1,1,0,0,0,1,0,0,0,0,0,0,0,0,0,0,0,0,0,0,1,0,"CA",20000,0.2,1e+05,1,1,1,1,0,1,0,0
"290","MenschonaBench","Shark.Tank.S06E12",1,0,1,0,1,4,0,0,0,0,1,0,0,0,0,0,0,0,0,0,0,0,1,0,0,0,0,0,0,0,0,0,0,1,0,0,"OH",150000,0.1,1500000,1,1,1,1,0,1,0,0
"291","EveDrop","Shark.Tank.S06E12",0,0,0,1,1,2,0,0,0,0,1,0,0,0,0,0,0,0,0,0,0,0,1,0,0,0,0,0,0,0,0,0,0,1,0,0,"NV",75000,0.2,375000,1,1,1,1,0,1,0,0
"292","BantamBagels","Shark.Tank.S06E13",1,0,1,0,2,2,2,0,0,0,1,0,0,0,0,1,0,0,0,0,1,0,0,0,0,0,0,0,0,0,0,0,0,0,0,1,"NY",275000,0.11,2500000,1,1,1,1,0,1,0,0
"293","CoffeeMeetsBagel","Shark.Tank.S06E13",0,0,0,1,3,3,3,3,0,0,0,0,0,0,1,1,1,0,0,0,0,1,0,0,0,0,0,0,0,0,0,0,0,0,1,0,"CA",5e+05,0.05,1e+07,1,1,1,1,0,1,0,0
"294","evREwares","Shark.Tank.S06E14",1,0,1,0,2,2,2,0,0,0,0,0,0,0,1,1,0,0,0,0,0,0,1,0,0,0,0,0,0,0,0,0,0,0,1,0,"NC",1e+05,0.3,333333,1,1,1,1,0,1,0,0
"295","Vestpakz","Shark.Tank.S06E14",0,0,0,1,2,2,2,0,0,0,1,1,0,0,0,0,0,0,0,0,0,0,0,0,1,0,0,0,0,0,0,0,0,1,0,0,"GA",50000,0.1,5e+05,1,1,1,1,0,1,0,0
"296","ScratchGrainBakingCo.","Shark.Tank.S06E14",1,0,1,0,2,2,4,0,0,0,0,0,0,0,1,1,0,0,0,0,1,0,0,0,0,0,0,0,0,0,0,0,0,0,1,0,"OR",150000,0.2,750000,1,1,1,1,0,1,0,0
"297","TurboPUP","Shark.Tank.S06E15",1,0,1,0,1,2,0,0,0,0,0,0,0,0,1,0,0,0,0,0,0,0,0,0,0,0,0,0,0,1,0,0,0,0,0,1,"OR",1e+05,0.2,5e+05,0,1,1,1,1,1,0,0
"298","Napwell","Shark.Tank.S06E15",0,0,0,1,2,4,4,0,0,0,1,1,0,0,0,0,0,0,0,1,0,0,0,0,0,0,0,0,0,0,0,0,0,1,0,0,"MA",1e+05,0.1,1e+06,0,1,1,1,1,1,0,0
"299","GreenBox","Shark.Tank.S06E16",1,0,1,0,2,2,2,0,0,0,1,0,0,0,0,1,0,0,0,0,0,0,1,0,0,0,0,0,0,0,0,0,0,0,0,1,"NY",3e+05,0.1,3e+06,1,1,1,1,0,1,0,0
"300","PhoneSoap","Shark.Tank.S06E16",1,0,1,0,2,2,2,0,0,0,1,1,0,0,0,0,0,0,0,0,0,0,1,0,0,0,0,0,0,0,0,0,0,1,0,0,"UT",3e+05,0.08,4e+06,1,1,1,1,0,1,0,0
"301","VictoriasKitchen","Shark.Tank.S06E16",0,0,0,1,2,2,2,0,0,0,1,0,0,0,0,1,0,0,0,0,1,0,0,0,0,0,0,0,0,0,0,0,0,0,0,1,"CA",2e+05,0.2,1e+06,1,1,1,1,0,1,0,0
"302","FreshPatch","Shark.Tank.S06E17",1,0,1,0,1,2,0,0,0,0,1,0,0,0,0,0,0,0,0,0,0,0,0,0,0,0,0,0,0,1,0,0,0,0,0,1,"FL",150000,0.1,1500000,1,1,1,1,0,1,0,0
"303","DrainStrain","Shark.Tank.S06E17",1,0,1,0,1,3,0,0,0,0,1,0,0,0,0,0,0,0,0,0,0,0,1,0,0,0,0,0,0,0,0,0,0,1,0,0,"MO",110000,0.15,733333,1,1,1,1,0,1,0,0
"304","BedJet","Shark.Tank.S06E17",0,0,0,1,1,2,0,0,0,0,1,0,0,0,0,0,0,0,0,0,0,0,1,0,0,0,0,0,0,0,0,0,0,1,0,0,"RI",250000,0.1,2500000,1,1,1,1,0,1,0,0
"305","BevBoy","Shark.Tank.S06E18",1,0,1,0,1,2,0,0,0,0,1,0,0,0,0,0,0,0,1,0,0,0,0,0,0,0,0,0,0,0,0,0,0,1,0,0,"SC",50000,0.15,333333,0,1,1,1,1,1,0,0
"306","FunBites","Shark.Tank.S06E18",1,0,1,0,1,2,0,0,0,0,0,0,0,0,1,0,0,0,0,0,0,0,0,0,1,0,0,0,0,0,0,0,0,0,1,0,"NY",75000,0.2,375000,0,1,1,1,1,1,0,0
"307","Lumi","Shark.Tank.S06E19",1,1,0,1,1,2,0,0,0,0,0,0,0,0,1,0,0,0,1,0,0,0,0,0,0,0,0,0,0,0,0,0,0,0,1,0,"CA",250000,0.05,5e+06,1,1,1,1,0,1,0,0
"308","Boobypack","Shark.Tank.S06E19",1,0,1,0,1,2,0,0,0,0,0,0,0,0,1,0,0,0,0,0,0,0,0,0,0,0,1,0,0,0,0,0,0,0,1,0,"CA",80000,0.2,4e+05,1,1,1,1,0,1,0,0
"309","luminAID","Shark.Tank.S06E20",1,0,1,0,2,2,3,0,0,0,0,0,0,0,1,1,0,0,0,0,0,0,0,1,0,0,0,0,0,0,0,0,0,0,1,0,"MI",2e+05,0.1,2e+06,0,1,1,1,1,1,0,0
"310","KeenHome","Shark.Tank.S06E20",1,0,0,1,2,2,4,0,0,0,1,1,0,0,0,0,0,0,0,0,0,0,1,0,0,0,0,0,0,0,0,0,0,1,0,0,"NY",750000,0.1,7500000,0,1,1,1,1,1,0,0
"311","TaalumaTotes","Shark.Tank.S06E20",0,0,0,1,2,4,4,0,0,0,1,0,0,0,0,1,0,0,0,0,0,0,0,0,0,0,1,0,0,0,0,0,0,0,0,1,"VA",110000,0.15,733333,0,1,1,1,1,1,0,0
"312","BedRyder","Shark.Tank.S06E21",0,0,0,1,1,2,0,0,0,0,1,0,0,0,0,0,0,0,0,0,0,0,0,0,0,1,0,0,0,0,0,0,0,1,0,0,"GA",2e+05,0.15,1333333,1,1,1,1,0,1,0,0
"313","TheTwinZPillow","Shark.Tank.S06E21",1,0,0,1,2,2,2,0,0,0,1,0,0,0,0,1,0,0,0,0,0,0,0,0,1,0,0,0,0,0,0,0,0,0,0,1,"GA",75000,0.1,750000,1,1,1,1,0,1,0,0
"314","CocoJack","Shark.Tank.S06E21",1,0,1,0,1,2,0,0,0,0,1,0,0,0,0,0,0,0,0,0,0,0,1,0,0,0,0,0,0,0,0,0,0,1,0,0,"TX",125000,0.1,1250000,1,1,1,1,0,1,0,0
"315","FrillClothing","Shark.Tank.S06E21",1,0,1,0,2,2,3,0,0,0,0,0,0,0,1,1,0,0,0,0,0,0,0,0,0,0,1,0,0,0,0,0,0,0,1,0,"NC",1e+05,0.2,5e+05,1,1,1,1,0,1,0,0
"316","Naja","Shark.Tank.S06E22",0,0,0,1,1,2,0,0,0,0,0,0,0,0,1,0,0,0,0,0,0,0,0,0,0,0,1,0,0,0,0,0,0,0,1,0,"CA",5e+05,0.05,1e+07,0,1,1,1,1,1,0,0
"317","AquaVault","Shark.Tank.S06E22",1,0,1,0,3,2,2,4,0,0,1,1,1,0,0,0,0,0,0,0,0,0,1,0,0,0,0,0,0,0,0,0,0,1,0,0,"FL",75000,0.12,625000,0,1,1,1,1,1,0,0
"318","BeeSweetLemonade","Shark.Tank.S06E23",1,0,1,0,2,1,1,0,0,0,1,0,0,0,0,1,0,0,0,0,1,0,0,0,0,0,0,0,0,0,0,0,0,0,0,1,"TX",60000,0.1,6e+05,0,1,1,1,1,1,0,0
"319","TheHomeT","Shark.Tank.S06E23",1,1,0,1,1,2,0,0,0,0,1,0,0,0,0,0,0,0,0,0,0,0,0,0,0,0,1,0,0,0,0,0,0,1,0,0,"NY",250000,0.05,5e+06,0,1,1,1,1,1,0,0
"320","BrandYourself","Shark.Tank.S06E23",1,1,0,1,1,2,0,0,0,0,1,0,0,0,0,0,0,0,0,0,0,1,0,0,0,0,0,0,0,0,0,0,0,1,0,0,"NY",2e+06,0.14,14814815,0,1,1,1,1,1,0,0
"321","ForusAthletics","Shark.Tank.S06E24",0,0,0,1,2,2,1,0,0,0,1,1,0,0,0,0,0,0,0,0,0,0,0,0,0,0,1,0,0,0,0,0,0,1,0,0,"IN",2e+05,0.15,1333333,0,1,1,1,1,1,0,0
"322","PittMoss","Shark.Tank.S06E25",1,0,1,0,1,2,0,0,0,0,1,0,0,0,0,0,0,0,0,0,0,0,1,0,0,0,0,0,0,0,0,0,0,1,0,0,"PA",6e+05,0.25,2400000,1,1,1,1,0,1,0,0
"323","NeatCheeks","Shark.Tank.S06E25",1,0,1,0,2,2,2,0,0,0,0,0,0,0,1,1,0,0,0,0,0,0,0,0,1,0,0,0,0,0,0,0,0,0,1,0,"CO",150000,0.2,750000,1,1,1,1,0,1,0,0
"324","BeneaththeInk","Shark.Tank.S06E25",0,0,0,1,2,1,2,0,0,0,1,0,0,0,0,1,0,0,0,0,0,1,0,0,0,0,0,0,0,0,0,0,0,0,0,1,"CO",350000,0.1,3500000,1,1,1,1,0,1,0,0
"325","SnagaStool","Shark.Tank.S06E26",0,0,0,1,2,2,2,0,0,0,1,1,0,0,0,0,0,0,0,0,0,1,0,0,0,0,0,0,0,0,0,0,0,1,0,0,"MA",120000,0.18,666667,0,1,1,1,1,1,0,0
"326","ZinePak","Shark.Tank.S06E26",1,0,1,0,2,2,2,0,0,0,0,0,0,0,1,1,0,0,0,0,0,0,0,0,0,0,0,1,0,0,0,0,0,0,1,0,"NY",725000,0.1,7250000,0,1,1,1,1,1,0,0
"327","BuckMason","Shark.Tank.S06E26",1,1,0,1,2,2,2,0,0,0,1,1,0,0,0,0,0,0,0,0,0,0,0,0,0,0,1,0,0,0,0,0,0,1,0,0,"CA",2e+05,0.08,2500000,0,1,1,1,1,1,0,0
"328","WorldRecordStriperCompany","Shark.Tank.S06E27",1,0,1,0,1,2,0,0,0,0,1,0,0,0,0,0,0,0,0,0,0,0,0,0,0,0,0,0,1,0,0,0,0,1,0,0,"CT",75000,0.2,375000,0,1,1,1,1,1,0,0
"329","ThePaleoDietFoods","Shark.Tank.S06E27",0,0,0,1,1,2,0,0,0,0,0,0,0,0,1,0,0,0,0,0,1,0,0,0,0,0,0,0,0,0,0,0,0,0,1,0,"CO",150000,0.2,750000,0,1,1,1,1,1,0,0
"330","Frameri","Shark.Tank.S06E27",1,1,0,1,2,2,2,0,0,0,1,1,0,0,0,0,0,0,0,0,0,0,0,0,0,0,1,0,0,0,0,0,0,1,0,0,"OH",150000,0.04,4285714,0,1,1,1,1,1,0,0
"331","SynDaverLabs","Shark.Tank.S06E28",1,0,1,0,1,2,0,0,0,0,1,0,0,0,0,0,0,0,0,0,0,0,0,0,1,0,0,0,0,0,0,0,0,1,0,0,"FL",3e+06,0.1,3e+07,1,1,1,1,0,1,0,0
"332","SunscreenMist","Shark.Tank.S06E28",0,0,0,1,2,2,2,0,0,0,1,1,0,0,0,0,0,0,0,0,0,0,0,0,0,0,0,0,1,0,0,0,0,1,0,0,"MI",4e+05,0.15,2666667,1,1,1,1,0,1,0,0
"333","YouKickAss","Shark.Tank.S06E28",1,0,1,0,2,2,3,0,0,0,0,0,0,0,1,1,0,0,1,0,0,0,0,0,0,0,0,0,0,0,0,0,0,0,1,0,"WA",1e+05,0.1,1e+06,1,1,1,1,0,1,0,0
"334","SharkWheel","Shark.Tank.S06E29",1,0,1,0,2,2,2,0,0,0,1,1,0,0,0,0,0,0,0,0,0,0,0,0,0,0,0,0,1,0,0,0,0,1,0,0,"CA",1e+05,0.05,2e+06,0,1,1,0,1,1,0,1
"335","thebeebo","Shark.Tank.S07E01",1,0,1,0,1,2,0,0,0,0,1,0,0,0,0,0,0,0,0,0,0,0,0,0,1,0,0,0,0,0,0,0,0,1,0,0,NA,2e+05,0.2,1e+06,0,1,1,1,0,1,0,1
"336","SIGNALVAULT","Shark.Tank.S07E01",1,0,1,0,1,1,0,0,0,0,1,0,0,0,0,0,0,0,0,0,0,0,0,1,0,0,0,0,0,0,0,0,0,1,0,0,NA,2e+05,0.125,1600000,0,1,1,1,0,1,0,1
"337","McClaryBrothersDrinkingVinegars","Shark.Tank.S07E01",0,0,0,1,1,4,0,0,0,0,0,0,0,0,1,0,0,0,0,0,1,0,0,0,0,0,0,0,0,0,0,0,0,0,1,0,NA,1e+05,0.15,666667,0,1,1,1,0,1,0,1
"338","Acton","Shark.Tank.S07E01",0,0,0,1,1,2,0,0,0,0,1,0,0,0,0,0,0,0,0,0,0,0,0,0,0,0,0,0,1,0,0,0,0,1,0,0,NA,1e+06,0.035,28571429,0,1,1,1,0,1,0,1
"339","ODangHummus","Shark.Tank.S07E02",1,0,1,0,1,4,0,0,0,0,1,0,0,0,0,0,0,0,0,0,1,0,0,0,0,0,0,0,0,0,0,0,0,1,0,0,NA,50000,0.1,5e+05,1,1,1,1,0,1,0,0
"340","Loliware","Shark.Tank.S07E02",1,0,1,0,2,2,2,0,0,0,0,0,0,0,1,1,0,0,0,0,1,0,0,0,0,0,0,0,0,0,0,0,0,0,1,0,NA,150000,0.1,1500000,1,1,1,1,0,1,0,0
"341","MikkiBey","Shark.Tank.S07E02",0,0,0,1,1,1,0,0,0,0,0,0,0,0,1,0,0,0,0,0,0,0,0,0,0,0,1,0,0,0,0,0,0,0,1,0,NA,3e+05,0.2,1500000,1,1,1,1,0,1,0,0
"342","Splikity","Shark.Tank.S07E02",1,1,0,1,2,4,4,0,0,0,1,1,0,0,0,0,0,0,0,0,0,0,0,1,0,0,0,0,0,0,0,0,0,1,0,0,NA,2e+05,0.1,2e+06,1,1,1,1,0,1,0,0
"343","FootCardigan","Shark.Tank.S07E03",1,0,1,0,2,4,4,0,0,0,1,1,0,0,0,0,0,0,0,0,0,0,0,0,0,0,1,0,0,0,0,0,0,1,0,0,NA,250000,0.1,2500000,0,1,1,0,1,1,0,1
"344","nerdwax","Shark.Tank.S07E03",1,1,0,1,2,2,2,0,0,0,1,0,0,0,0,1,0,0,0,0,0,0,0,0,0,0,1,0,0,0,0,0,0,0,0,1,NA,80000,0.2,4e+05,0,1,1,0,1,1,0,1
"345","ValPark","Shark.Tank.S07E03",0,0,0,1,1,1,0,0,0,0,1,0,0,0,0,0,0,0,0,0,0,0,0,1,0,0,0,0,0,0,0,0,0,1,0,0,NA,3e+05,0.2,1500000,0,1,1,0,1,1,0,1
"346","milkbrookies","Shark.Tank.S07E04",0,0,0,1,3,1,1,1,0,0,1,0,0,0,0,1,1,0,0,0,1,0,0,0,0,0,0,0,0,0,0,0,0,0,0,1,NA,1e+05,0.2,5e+05,1,1,1,1,0,1,0,0
"347","Table87","Shark.Tank.S07E04",1,0,1,0,1,2,0,0,0,0,1,0,0,0,0,0,0,0,0,0,1,0,0,0,0,0,0,0,0,0,0,0,0,1,0,0,NA,2e+05,0.1,2e+06,1,1,1,1,0,1,0,0
"348","XCraft","Shark.Tank.S07E05",1,0,1,0,2,2,2,0,0,0,1,1,0,0,0,0,0,0,0,0,0,0,0,1,0,0,0,0,0,0,0,0,0,1,0,0,NA,5e+05,0.2,2500000,0,1,1,1,1,1,0,0
"349","TheSkinnyMirror","Shark.Tank.S07E05",0,0,0,1,1,4,0,0,0,0,0,0,0,0,1,0,0,0,0,0,0,0,0,0,0,0,1,0,0,0,0,0,0,0,1,0,NA,2e+05,0.2,1e+06,0,1,1,1,1,1,0,0
"350","StemCenterUSA","Shark.Tank.S07E06",1,0,1,0,2,1,1,0,0,0,0,0,0,0,1,1,0,0,0,0,0,0,0,0,1,0,0,0,0,0,0,0,0,0,1,0,NA,150000,0.15,1e+06,0,1,1,1,0,1,0,1
"351","Hotshot","Shark.Tank.S07E06",0,0,0,1,1,2,0,0,0,0,1,0,0,0,0,0,0,0,0,0,1,0,0,0,0,0,0,0,0,0,0,0,0,1,0,0,NA,3e+05,0.1,3e+06,0,1,1,1,0,1,0,1
"352","Windcatcher","Shark.Tank.S07E06",1,0,1,0,1,4,0,0,0,0,1,0,0,0,0,0,0,0,0,0,0,0,1,0,0,0,0,0,0,0,0,0,0,1,0,0,NA,2e+05,0.08,2500000,0,1,1,1,0,1,0,1
"353","SimplyFitBoard","Shark.Tank.S07E07",1,0,1,0,2,2,4,0,0,0,0,0,0,0,1,1,0,0,0,0,0,0,0,0,0,0,0,0,1,0,0,0,0,0,1,0,NA,125000,0.15,833333,1,1,1,1,0,1,0,0
"354","SavvyNaturals","Shark.Tank.S07E07",1,0,1,0,2,4,2,0,0,0,1,0,0,0,0,1,0,0,0,0,0,0,1,0,0,0,0,0,0,0,0,0,0,0,0,1,NA,2e+05,0.1,2e+06,1,1,1,1,0,1,0,0
"355","WinkFrozenDesserts","Shark.Tank.S07E07",0,0,0,1,2,2,2,0,0,0,1,0,0,0,0,1,0,0,0,0,1,0,0,0,0,0,0,0,0,0,0,0,0,0,0,1,NA,3e+05,0.15,2e+06,1,1,1,1,0,1,0,0
"356","GripClean","Shark.Tank.S07E08",1,0,1,0,1,2,0,0,0,0,1,0,0,0,0,0,0,0,0,0,0,0,0,0,0,0,0,0,1,0,0,0,0,1,0,0,NA,85000,0.2,425000,0,1,1,1,1,1,0,0
"357","unshrinkit","Shark.Tank.S07E08",1,0,1,0,2,2,1,0,0,0,1,0,0,0,0,1,0,0,0,0,0,0,1,0,0,0,0,0,0,0,0,0,0,0,0,1,NA,150000,0.1,1500000,0,1,1,1,1,1,0,0
"358","PolarPro","Shark.Tank.S07E08",1,0,1,0,1,2,0,0,0,0,1,0,0,0,0,0,0,0,0,0,0,0,0,1,0,0,0,0,0,0,0,0,0,1,0,0,NA,5e+05,0.1,5e+06,0,1,1,1,1,1,0,0
"359","AFreshSheet","Shark.Tank.S07E08",0,0,0,1,1,2,0,0,0,0,1,0,0,0,0,0,0,0,0,0,0,0,1,0,0,0,0,0,0,0,0,0,0,1,0,0,NA,1e+05,0.2,5e+05,0,1,1,1,1,1,0,0
"360","Umano","Shark.Tank.S07E09",1,0,1,0,2,4,4,0,0,0,1,1,0,0,0,0,0,0,0,0,0,0,0,0,0,0,1,0,0,0,0,0,0,1,0,0,NA,150000,0.15,1e+06,0,1,1,1,1,1,0,0
"361","SockTabs","Shark.Tank.S07E09",1,0,1,0,2,1,1,0,0,0,1,0,0,0,0,1,0,0,0,0,0,0,1,0,0,0,0,0,0,0,0,0,0,0,0,1,NA,50000,0.2,250000,0,1,1,1,1,1,0,0
"362","SarahOliverHandbags","Shark.Tank.S07E10",1,0,1,0,1,2,0,0,0,0,0,0,0,0,1,0,0,0,0,0,0,0,0,0,0,0,1,0,0,0,0,0,0,0,1,0,NA,250000,0.2,1250000,1,1,1,1,0,1,0,0
"363","Trunkster","Shark.Tank.S07E10",1,0,1,0,2,2,4,0,0,0,1,1,0,0,0,0,0,0,0,0,0,0,1,0,0,0,0,0,0,0,0,0,0,1,0,0,NA,1400000,0.05,2.8e+07,1,1,1,1,0,1,0,0
"364","LeauxRacingTrikes","Shark.Tank.S07E10",0,0,0,1,1,2,0,0,0,0,1,0,0,0,0,0,0,0,0,0,0,0,0,0,0,0,0,0,1,0,0,0,0,1,0,0,NA,120000,0.2,6e+05,1,1,1,1,0,1,0,0
"365","PiperWei","Shark.Tank.S07E11",1,0,1,0,2,4,1,0,0,0,0,0,0,0,1,1,0,0,0,0,0,0,0,0,0,0,1,0,0,0,0,0,0,0,1,0,NA,50000,0.1,5e+05,1,1,1,1,0,1,0,0
"366","Lovepop","Shark.Tank.S07E11",1,0,1,0,2,2,2,0,0,0,1,1,0,0,0,0,0,0,0,0,0,0,1,0,0,0,0,0,0,0,0,0,0,1,0,0,NA,3e+05,0.1,3e+06,1,1,1,1,0,1,0,0
"367","AbsProteinPancakes","Shark.Tank.S07E12",1,0,1,0,2,2,2,0,0,0,1,0,0,0,0,1,0,0,0,0,1,0,0,0,0,0,0,0,0,0,0,0,0,0,0,1,NA,120000,0.4,3e+05,0,1,1,1,1,1,0,0
"368","HungryHarvest","Shark.Tank.S07E13",1,0,1,0,1,2,0,0,0,0,1,0,0,0,0,0,0,0,0,0,1,0,0,0,0,0,0,0,0,0,0,0,0,1,0,0,NA,50000,0.05,1e+06,1,1,1,1,0,1,0,0
"369","spretz","Shark.Tank.S07E13",0,0,0,1,3,1,4,4,0,0,1,1,1,0,0,0,0,0,0,0,0,0,1,0,0,0,0,0,0,0,0,0,0,1,0,0,NA,1e+05,0.2,5e+05,1,1,1,1,0,1,0,0
"370","EZPZ","Shark.Tank.S07E13",1,1,0,1,1,4,0,0,0,0,0,0,0,0,1,0,0,0,0,0,1,0,0,0,0,0,0,0,0,0,0,0,0,0,1,0,NA,1e+06,0.05,2e+07,1,1,1,1,0,1,0,0
"371","Fixed","Shark.Tank.S07E14",1,0,1,0,1,2,0,0,0,0,1,0,0,0,0,0,0,0,0,0,0,0,0,1,0,0,0,0,0,0,0,0,0,1,0,0,NA,7e+05,0.05,1.4e+07,0,1,1,1,0,1,0,1
"372","VillageScholarships","Shark.Tank.S07E14",0,0,0,1,2,1,1,0,0,0,1,0,0,0,0,1,0,0,0,0,0,0,0,0,1,0,0,0,0,0,0,0,0,0,0,1,NA,125000,0.1,1250000,0,1,1,1,0,1,0,1
"373","BeardKing","Shark.Tank.S07E14",1,0,1,0,2,4,4,0,0,0,1,0,0,0,0,1,0,0,0,0,0,0,0,0,0,0,1,0,0,0,0,0,0,0,0,1,NA,1e+05,0.2,5e+05,0,1,1,1,0,1,0,1
"374","2400Expert","Shark.Tank.S07E15",1,0,1,0,1,4,0,0,0,0,1,0,0,0,0,0,0,0,0,0,0,0,0,0,1,0,0,0,0,0,0,0,0,1,0,0,NA,250000,0.1,2500000,0,1,1,1,1,1,0,0
"375","Shefit","Shark.Tank.S07E15",1,0,1,0,2,2,4,0,0,0,1,0,0,0,0,1,0,0,0,0,0,0,0,0,0,0,0,0,1,0,0,0,0,0,0,1,NA,250000,0.2,1250000,0,1,1,1,1,1,0,0
"376","icybreeze","Shark.Tank.S07E15",0,0,0,1,3,2,2,2,0,0,1,1,1,0,0,0,0,0,0,0,0,0,0,0,0,0,0,0,0,0,1,0,0,1,0,0,NA,50000,0.05,1e+06,0,1,1,1,1,1,0,0
"377","Co.alition","Shark.Tank.S07E15",0,0,0,1,2,2,2,0,0,0,1,1,0,0,0,0,0,0,0,0,0,0,0,1,0,0,0,0,0,0,0,0,0,1,0,0,NA,2e+05,0.2,1e+06,0,1,1,1,1,1,0,0
"378","CombatFlipFlops","Shark.Tank.S07E16",1,0,1,0,2,2,4,0,0,0,1,1,0,0,0,0,0,0,0,0,0,0,0,0,0,0,1,0,0,0,0,0,0,1,0,0,NA,150000,0.1,1500000,0,1,1,1,1,1,0,0
"379","R.Riveter","Shark.Tank.S07E16",1,0,1,0,2,2,2,0,0,0,0,0,0,0,1,1,0,0,0,0,0,0,0,0,0,0,1,0,0,0,0,0,0,0,1,0,NA,1e+05,0.2,5e+05,0,1,1,1,1,1,0,0
"380","Beartek","Shark.Tank.S07E16",0,0,0,1,2,1,1,0,0,0,1,1,0,0,0,0,0,0,0,0,0,0,0,0,0,0,0,1,0,0,0,0,0,1,0,0,NA,5e+05,0.05,1e+07,0,1,1,1,1,1,0,0
"381","MTAILOR","Shark.Tank.S07E17",1,1,0,1,1,2,0,0,0,0,1,0,0,0,0,0,0,0,0,0,0,0,0,0,0,0,1,0,0,0,0,0,0,1,0,0,NA,2500000,0.1,2.5e+07,1,1,0,0,1,1,0,1
"382","BeeFreeHonee","Shark.Tank.S07E17",1,0,1,0,2,2,0,0,0,0,0,0,0,0,1,0,0,0,0,0,1,0,0,0,0,0,0,0,0,0,0,0,0,0,1,0,NA,1e+05,0.1,1e+06,1,1,0,0,1,1,0,1
"383","FloatBaby","Shark.Tank.S07E17",0,0,0,1,1,2,0,0,0,0,0,0,0,0,1,0,0,0,0,0,0,0,0,0,1,0,0,0,0,0,0,0,0,0,1,0,NA,150000,0.2,750000,1,1,0,0,1,1,0,1
"384","Sworkit","Shark.Tank.S07E18",1,0,1,0,2,1,1,0,0,0,1,1,0,0,0,0,0,0,0,0,0,0,0,0,0,0,0,0,1,0,0,0,0,1,0,0,NA,1500000,0.08,18750000,1,1,1,1,0,1,0,0
"385","CleanSleep","Shark.Tank.S07E18",0,0,0,1,1,4,0,0,0,0,1,0,0,0,0,0,0,0,0,0,0,0,1,0,0,0,0,0,0,0,0,0,0,1,0,0,NA,1500000,0.15,1e+07,1,1,1,1,0,1,0,0
"386","CustardStandHotDogChili","Shark.Tank.S07E19",0,0,0,1,2,2,2,0,0,0,1,0,0,0,0,1,0,0,0,0,1,0,0,0,0,0,0,0,0,0,0,0,0,0,0,1,NA,4e+05,0.1,4e+06,0,1,1,1,1,1,0,0
"387","Insta-Fire","Shark.Tank.S07E19",1,0,1,0,2,2,2,0,0,0,1,1,0,0,0,0,0,0,0,0,0,0,1,0,0,0,0,0,0,0,0,0,0,1,0,0,NA,3e+05,0.1,3e+06,0,1,1,1,1,1,0,0
"388","BetterBack","Shark.Tank.S07E20",1,0,1,0,2,2,2,0,0,0,1,0,0,0,0,1,0,0,0,1,0,0,0,0,0,0,0,0,0,0,0,0,0,0,1,0,NA,750000,0.075,1e+07,1,1,1,1,0,1,0,0
"389","Teaspresso","Shark.Tank.S07E20",0,0,0,1,1,1,0,0,0,0,0,0,0,0,1,0,0,0,0,0,1,0,0,0,0,0,0,0,0,0,0,0,0,0,1,0,NA,50000,0.1,5e+05,1,1,1,1,0,1,0,0
"390","Linka","Shark.Tank.S07E20",0,0,0,1,1,4,0,0,0,0,1,0,0,0,0,0,0,0,0,0,0,0,0,0,0,0,0,0,1,0,0,0,0,1,0,0,NA,250000,0.1,2500000,1,1,1,1,0,1,0,0
"391","GlaceCryotherapy","Shark.Tank.S07E20",1,0,1,0,2,2,2,0,0,0,1,0,0,0,0,1,0,0,0,1,0,0,0,0,0,0,0,0,0,0,0,0,0,0,0,1,NA,1e+05,0.15,666667,1,1,1,1,0,1,0,0
"392","Beloved","Shark.Tank.S07E21",0,0,0,1,1,2,0,0,0,0,1,0,0,0,0,0,0,0,0,0,0,0,0,0,0,0,1,0,0,0,0,0,0,1,0,0,NA,175000,0.05,3500000,0,1,1,1,1,1,0,0
"393","IlumiBowl","Shark.Tank.S07E21",1,0,1,0,2,2,2,0,0,0,1,1,0,0,0,0,0,0,0,0,0,0,1,0,0,0,0,0,0,0,0,0,0,1,0,0,NA,1e+05,0.15,666667,0,1,1,1,1,1,0,0
"394","MobCraft","Shark.Tank.S07E21",0,0,0,1,1,2,0,0,0,0,1,0,0,0,0,0,0,0,0,0,1,0,0,0,0,0,0,0,0,0,0,0,0,1,0,0,NA,4e+05,0.16,2500000,0,1,1,1,1,1,0,0
"395","InnovationPet","Shark.Tank.S07E21",1,0,1,0,2,2,2,0,0,0,1,0,0,0,0,1,0,0,0,0,0,0,0,0,0,0,0,0,0,1,0,0,0,0,0,1,NA,250000,0.05,5e+06,0,1,1,1,1,1,0,0
"396","Vengo","Shark.Tank.S07E22",1,0,1,0,2,2,2,0,0,0,1,1,0,0,0,0,0,0,0,0,1,0,0,0,0,0,0,0,0,0,0,0,0,1,0,0,NA,2e+06,0.125,1.6e+07,0,1,1,1,1,1,0,0
"397","BeerBlizzard","Shark.Tank.S07E22",1,0,1,0,2,2,2,0,0,0,1,1,0,0,0,0,0,0,0,0,1,0,0,0,0,0,0,0,0,0,0,0,0,1,0,0,NA,1e+05,0.1,1e+06,0,1,1,1,1,1,0,0
"398","TheGoodPromise","Shark.Tank.S07E22",0,0,0,1,1,2,0,0,0,0,0,0,0,0,1,0,0,0,0,0,1,0,0,0,0,0,0,0,0,0,0,0,0,0,1,0,NA,1e+05,0.2,5e+05,0,1,1,1,1,1,0,0
"399","Coolbox","Shark.Tank.S07E23",1,0,1,0,2,2,2,0,0,0,1,1,0,0,0,0,0,0,0,0,0,0,1,0,0,0,0,0,0,0,0,0,0,1,0,0,NA,5e+05,0.1,5e+06,0,1,1,1,1,1,0,0
"400","Trobo","Shark.Tank.S07E23",1,0,1,0,2,2,2,0,0,0,1,1,0,0,0,0,0,0,0,0,0,0,0,0,1,0,0,0,0,0,0,0,0,1,0,0,NA,1e+05,0.1,1e+06,0,1,1,1,1,1,0,0
"401","NoPhone","Shark.Tank.S07E23",0,0,0,1,2,2,2,0,0,0,1,1,0,0,0,0,0,0,0,0,0,0,0,0,0,0,0,0,0,0,0,0,1,1,0,0,"NY",25000,0.15,166667,0,1,1,1,1,1,0,0
"402","Petnostics","Shark.Tank.S07E24",1,0,1,0,1,3,0,0,0,0,1,0,0,0,0,0,0,0,0,0,0,0,0,0,0,0,0,0,0,1,0,0,0,1,0,0,NA,3e+05,0.1,3e+06,0,1,1,1,0,1,0,1
"403","SlydeHandboards","Shark.Tank.S07E24",1,0,1,0,2,2,4,0,0,0,1,0,0,0,0,1,0,0,0,0,0,0,0,0,0,0,0,0,1,0,0,0,0,0,0,1,NA,2e+05,0.15,1333333,0,1,1,1,0,1,0,1
"404","Frends","Shark.Tank.S07E24",0,0,0,1,2,4,4,0,0,0,1,1,0,0,0,0,0,0,0,0,0,0,0,0,0,0,1,0,0,0,0,0,0,1,0,0,NA,1e+06,0.076,13157895,0,1,1,1,0,1,0,1
"405","JarrettRajaProductions","Shark.Tank.S07E25",0,0,0,1,2,2,4,0,0,0,1,1,0,0,0,0,0,0,0,0,0,0,0,0,0,0,0,1,0,0,0,0,0,1,0,0,"NV",750000,0.4,1875000,1,1,1,1,0,1,0,0
"406","KidRunner","Shark.Tank.S07E25",0,0,0,1,2,2,2,0,0,0,1,1,0,0,0,0,0,0,0,0,0,0,0,0,0,0,0,0,1,0,0,0,0,1,0,0,NA,5e+05,0.2,2500000,1,1,1,1,0,1,0,0
"407","TheDripDrop","Shark.Tank.S07E25",1,0,1,0,2,2,2,0,0,0,1,1,0,0,0,0,0,0,0,0,1,0,0,0,0,0,0,0,0,0,0,0,0,1,0,0,"CO",50000,0.2,250000,1,1,1,1,0,1,0,0
"408","InchBug","Shark.Tank.S07E25",1,1,0,1,1,2,0,0,0,0,0,0,0,0,1,0,0,0,0,0,0,0,0,0,1,0,0,0,0,0,0,0,0,0,1,0,"TX",4e+05,0.1,4e+06,1,1,1,1,0,1,0,0
"409","brightwheel","Shark.Tank.S07E26",1,0,1,0,1,4,0,0,0,0,1,0,0,0,0,0,0,0,0,0,0,0,0,0,1,0,0,0,0,0,0,0,0,1,0,0,"CA",4e+05,0.04,1e+07,1,1,0,0,1,1,0,1
"410","FashionTap","Shark.Tank.S07E26",0,0,0,1,1,2,0,0,0,0,0,0,0,0,1,0,0,0,0,0,0,0,0,0,0,0,1,0,0,0,0,0,0,0,1,0,"CA",1e+05,0.1,1e+06,1,1,0,0,1,1,0,1
"411","MyFruityFaces","Shark.Tank.S07E26",0,0,0,1,2,2,1,0,0,0,1,1,0,0,0,0,0,0,0,0,1,0,0,0,0,0,0,0,0,0,0,0,0,1,0,0,"CA",2e+05,0.1,2e+06,1,1,0,0,1,1,0,1
"412","YourselfExpression","Shark.Tank.S07E27",0,0,0,1,2,2,2,0,0,0,1,0,0,0,0,1,0,0,0,0,0,0,0,0,0,0,1,0,0,0,0,0,0,0,0,1,"FL",50000,0.2,250000,1,1,1,1,0,1,0,0
"413","dollopgourmet","Shark.Tank.S07E27",1,0,1,0,1,4,0,0,0,0,0,0,0,0,1,0,0,0,0,0,1,0,0,0,0,0,0,0,0,0,0,0,0,0,1,0,"NY",75000,0.2,375000,1,1,1,1,0,1,0,0
"414","TheSpooner","Shark.Tank.S07E27",1,0,1,0,3,2,2,2,0,0,1,1,1,0,0,0,0,0,0,0,0,0,0,0,0,0,0,0,1,0,0,0,0,1,0,0,"CA",4e+05,0.16,2500000,1,1,1,1,0,1,0,0
"415","Creaproducts","Shark.Tank.S07E27",1,0,1,0,1,3,0,0,0,0,0,0,0,0,1,0,0,0,0,0,0,0,0,0,0,0,1,0,0,0,0,0,0,0,1,0,"HI",2e+05,0.1,2e+06,1,1,1,1,0,1,0,0
"416","VPCABS","Shark.Tank.S07E28",1,0,1,0,1,2,0,0,0,0,1,0,0,0,0,0,0,0,0,0,0,0,0,0,0,0,0,1,0,0,0,0,0,1,0,0,"OH",2e+05,0.1,2e+06,0,1,1,1,1,1,0,0
"417","CampNoCounselors","Shark.Tank.S07E28",0,0,0,1,1,4,0,0,0,0,1,0,0,0,0,0,0,0,0,0,0,0,0,0,0,0,0,0,1,0,0,0,0,1,0,0,"NY",3e+05,0.075,4e+06,0,1,1,1,1,1,0,0
"418","PMSBites","Shark.Tank.S07E29",0,0,0,1,1,2,0,0,0,0,0,0,0,0,1,0,0,0,0,0,1,0,0,0,0,0,0,0,0,0,0,0,0,0,1,0,"MA",50000,0.2,250000,1,1,1,1,0,1,0,0
"419","Felt","Shark.Tank.S07E29",1,0,1,0,1,4,0,0,0,0,1,0,0,0,0,0,0,0,0,0,0,0,1,0,0,0,0,0,0,0,0,0,0,1,0,0,"CO",2e+05,0.06,3333333,1,1,1,1,0,1,0,0
"420","Pavlok","Shark.Tank.S07E29",1,1,0,1,1,4,0,0,0,0,1,0,0,0,0,0,0,0,0,0,0,0,0,0,0,0,0,0,0,0,0,0,1,1,0,0,"MA",5e+05,0.031,15923567,1,1,1,1,0,1,0,0
"421","PetePedro","Shark.Tank.S07E29",1,0,1,0,1,4,0,0,0,0,1,0,0,0,0,0,0,0,0,0,0,0,0,0,0,0,1,0,0,0,0,0,0,1,0,0,"GA",1e+05,0.1,1e+06,1,1,1,1,0,1,0,0
"422","iSlide","Shark.Tank.S08E01",1,1,0,1,1,2,0,0,0,0,1,0,0,0,0,0,0,0,0,0,0,0,0,0,0,0,1,0,0,0,0,0,0,1,0,0,"MA",5e+05,0.05,1e+07,1,1,1,1,1,1,0,0
"423","SpoonfulofComfort","Shark.Tank.S08E01",0,0,0,1,2,2,2,0,0,0,1,0,0,0,0,1,0,0,0,0,1,0,0,0,0,0,0,0,0,0,0,0,0,0,0,1,"UT",4e+05,0.1,4e+06,1,1,1,1,1,1,0,0
"424","Fizzics","Shark.Tank.S08E01",1,0,1,0,2,2,2,0,0,0,1,1,0,0,0,0,0,0,0,0,1,0,0,0,0,0,0,0,0,0,0,0,0,1,0,0,"NJ",5e+05,0.04,12500000,1,1,1,1,1,1,0,0
"425","Tactibite","Shark.Tank.S08E02",1,0,1,0,2,1,1,0,0,0,1,1,0,0,0,0,0,0,0,0,0,0,0,0,0,0,0,0,1,0,0,0,0,1,0,0,"LA",150000,0.1,1500000,0,1,1,1,1,1,0,0
"426","TheLapelProject","Shark.Tank.S08E02",1,0,1,0,2,2,4,0,0,0,1,1,0,0,0,0,0,0,0,0,0,0,0,0,0,0,1,0,0,0,0,0,0,1,0,0,"FL",150000,0.2,750000,0,1,1,1,1,1,0,0
"427","GoodHangups","Shark.Tank.S08E02",1,0,1,0,1,2,0,0,0,0,0,0,0,0,1,0,0,0,0,0,0,0,1,0,0,0,0,0,0,0,0,0,0,0,1,0,"WA",1e+05,0.1,1e+06,0,1,1,1,1,1,0,0
"428","NightRunner270","Shark.Tank.S08E03",1,0,1,0,2,2,2,0,0,0,1,0,0,0,0,1,0,0,0,0,0,0,0,0,0,0,0,0,1,0,0,0,0,0,0,1,"FL",250000,0.1,2500000,1,1,1,1,0,1,0,0
"429","TheCookieKahuna","Shark.Tank.S08E03",0,0,0,1,1,4,0,0,0,0,1,0,0,0,0,0,0,0,0,0,1,0,0,0,0,0,0,0,0,0,0,0,0,1,0,0,"HI",50000,0.2,250000,1,1,1,1,0,1,0,0
"430","TekDry","Shark.Tank.S08E03",1,0,1,0,2,2,4,0,0,0,1,1,0,0,0,0,0,0,0,0,0,0,0,1,0,0,0,0,0,0,0,0,0,1,0,0,"CO",5e+05,0.05,1e+07,1,1,1,1,0,1,0,0
"431","biem","Shark.Tank.S08E04",1,0,1,0,1,2,0,0,0,0,1,0,0,0,0,0,0,0,0,0,1,0,0,0,0,0,0,0,0,0,0,0,0,1,0,0,"TX",5e+05,0.05,1e+07,0,1,1,1,1,1,0,0
"432","AtlanticCandies","Shark.Tank.S08E04",0,0,0,1,1,2,0,0,0,0,1,0,0,0,0,0,0,0,0,0,1,0,0,0,0,0,0,0,0,0,0,0,0,1,0,0,"FL",1e+06,0.1,1e+07,0,1,1,1,1,1,0,0
"433","SafeGrabs","Shark.Tank.S08E05",1,0,1,0,1,3,0,0,0,0,0,0,0,0,1,0,0,0,0,0,0,0,1,0,0,0,0,0,0,0,0,0,0,0,1,0,"TX",75000,0.12,625000,1,1,1,1,0,1,0,0
"434","ParkerMapleFarm","Shark.Tank.S08E05",0,0,0,1,1,2,0,0,0,0,1,0,0,0,0,0,0,0,0,0,1,0,0,0,0,0,0,0,0,0,0,0,0,1,0,0,"NY",2e+05,0.2,1e+06,1,1,1,1,0,1,0,0
"435","SiliDogs","Shark.Tank.S08E05",1,0,1,0,1,2,0,0,0,0,1,0,0,0,0,0,0,0,0,0,0,0,0,0,0,0,0,0,0,1,0,0,0,1,0,0,"FL",100000.05,0.15,666667,1,1,1,1,0,1,0,0
"436","sunscreeenr","Shark.Tank.S08E06",1,0,1,0,1,2,0,0,0,0,1,0,0,0,0,0,0,0,0,1,0,0,0,0,0,0,0,0,0,0,0,0,0,1,0,0,"NC",8e+05,0.1,8e+06,0,1,1,1,1,1,0,0
"437","PotatoParcel","Shark.Tank.S08E06",1,0,1,0,2,2,2,0,0,0,1,1,0,0,0,0,0,0,0,0,0,0,0,0,0,0,0,1,0,0,0,0,0,1,0,0,"CA",50000,0.1,5e+05,0,1,1,1,1,1,0,0
"438","LuluBang","Shark.Tank.S08E06",0,0,0,1,2,1,1,0,0,0,0,0,0,0,1,1,0,0,0,0,1,0,0,0,0,0,0,0,0,0,0,0,0,0,1,0,"PA",150000,0.1,1500000,0,1,1,1,1,1,0,0
"439","besomebody","Shark.Tank.S08E07",0,0,0,1,1,4,0,0,0,0,1,0,0,0,0,0,0,0,0,0,0,0,0,1,0,0,0,0,0,0,0,0,0,1,0,0,"MA",1e+06,0.1,1e+07,1,1,1,1,1,1,0,0
"440","StyleClub","Shark.Tank.S08E07",1,0,1,0,1,4,0,0,0,0,0,0,0,0,1,0,0,0,0,0,0,0,0,0,0,0,1,0,0,0,0,0,0,0,1,0,"PA",5e+05,0.2,2500000,1,1,1,1,1,1,0,0
"441","Chilantro","Shark.Tank.S08E08",1,0,1,0,1,3,0,0,0,0,1,0,0,0,0,0,0,0,0,0,1,0,0,0,0,0,0,0,0,0,0,0,0,1,0,0,"TX",6e+05,0.15,4e+06,1,1,1,0,0,1,0,1
"442","Toor","Shark.Tank.S08E08",1,0,1,0,1,1,0,0,0,0,1,0,0,0,0,0,0,0,0,0,0,0,1,0,0,0,0,0,0,0,0,0,0,1,0,0,"TX",5e+05,0.1,5e+06,1,1,1,0,0,1,0,1
"443","JacksStandsMarketplaces","Shark.Tank.S08E08",1,0,1,0,2,2,2,0,0,0,1,1,0,0,0,0,0,0,0,0,0,0,0,0,1,0,0,0,0,0,0,0,0,1,0,0,"CO",50000,0.1,5e+05,1,1,1,0,0,1,0,1
"444","MilkSnob","Shark.Tank.S08E08",1,0,1,0,1,2,0,0,0,0,0,0,0,0,1,0,0,0,0,0,0,0,0,0,1,0,0,0,0,0,0,0,0,0,1,0,"TX",125000,0.05,2500000,1,1,1,0,0,1,0,1
"445","BarbellApparel","Shark.Tank.S08E09",0,0,0,1,2,2,2,0,0,0,1,1,0,0,0,0,0,0,0,0,0,0,0,0,0,0,1,0,0,0,0,0,0,1,0,0,"NV",5e+05,0.05,1e+07,0,1,1,1,1,1,0,0
"446","energybits","Shark.Tank.S08E09",0,0,0,1,1,2,0,0,0,0,0,0,0,0,1,0,0,0,0,0,1,0,0,0,0,0,0,0,0,0,0,0,0,0,1,0,"MA",5e+05,0.05,1e+07,0,1,1,1,1,1,0,0
"447","PupBox","Shark.Tank.S08E09",1,0,1,0,2,2,2,0,0,0,1,0,0,0,0,1,0,0,0,0,0,0,0,0,0,0,0,0,0,1,0,0,0,0,0,1,"CA",250000,0.1,2500000,0,1,1,1,1,1,0,0
"448","Inboard","Shark.Tank.S08E10",1,0,1,0,3,2,2,2,0,0,1,1,1,0,0,0,0,0,0,0,0,0,0,0,0,0,0,0,1,0,0,0,0,1,0,0,"CA",750000,0.04,18750000,0,1,1,1,0,1,0,1
"449","nomiku","Shark.Tank.S08E10",1,0,1,0,2,2,3,0,0,0,1,0,0,0,0,1,0,0,0,0,1,0,0,0,0,0,0,0,0,0,0,0,0,0,0,1,"CA",250000,0.05,5e+06,0,1,1,1,0,1,0,1
"450","Nootrobox","Shark.Tank.S08E10",0,0,0,1,2,2,3,0,0,0,1,1,0,0,0,0,0,0,0,0,1,0,0,0,0,0,0,0,0,0,0,0,0,1,0,0,"CA",2e+06,0.05,4e+07,0,1,1,1,0,1,0,1
"451","petplate","Shark.Tank.S08E10",0,0,0,1,1,1,0,0,0,0,1,0,0,0,0,0,0,0,0,0,0,0,0,0,0,0,0,0,0,1,0,0,0,1,0,0,"NY",1e+05,0.1,1e+06,0,1,1,1,0,1,0,1
"452","Polyglide","Shark.Tank.S08E11",0,0,0,1,1,2,0,0,0,0,1,0,0,0,0,0,0,0,0,0,0,0,0,0,0,0,0,0,1,0,0,0,0,1,0,0,"AZ",150000,0.2,750000,1,1,1,1,0,1,0,0
"453","PDXPetDesign","Shark.Tank.S08E12",0,0,0,1,2,2,2,0,0,0,1,0,0,0,0,1,0,0,0,0,0,0,0,0,0,0,0,0,0,1,0,0,0,0,0,1,"OR",3e+05,0.15,2e+06,0,1,1,1,1,1,0,0
"454","BasicOutfitters","Shark.Tank.S08E12",1,1,0,1,2,4,2,0,0,0,1,0,0,0,0,1,0,0,0,0,0,0,0,0,0,0,1,0,0,0,0,0,0,0,0,1,"NY",125000,0.1,1250000,0,1,1,1,1,1,0,0
"455","NaturallyPerfectDolls","Shark.Tank.S08E12",1,0,1,0,2,1,1,0,0,0,1,0,0,0,0,1,0,0,0,0,0,0,0,0,1,0,0,0,0,0,0,0,0,0,0,1,"FL",2e+05,0.2,1e+06,0,1,1,1,1,1,0,0
"456","VictoryCoffees","Shark.Tank.S08E12",0,0,0,1,1,2,0,0,0,0,1,0,0,0,0,0,0,0,0,0,1,0,0,0,0,0,0,0,0,0,0,0,0,1,0,0,"NC",250000,0.2,1250000,0,1,1,1,1,1,0,0
"457","nicepipes","Shark.Tank.S08E13",0,0,0,1,1,2,0,0,0,0,0,0,0,0,1,0,0,0,0,0,0,0,0,0,0,0,1,0,0,0,0,0,0,0,1,0,"NY",1e+05,0.1,1e+06,1,1,1,1,0,1,0,0
"458","MamasMilkBox","Shark.Tank.S08E13",0,0,0,1,1,2,0,0,0,0,0,0,0,0,1,0,0,0,0,0,0,0,0,0,0,0,1,0,0,0,0,0,0,0,1,0,"PA",2e+05,0.2,1e+06,1,1,1,1,0,1,0,0
"459","GreaseBags","Shark.Tank.S08E13",1,0,1,0,1,1,0,0,0,0,0,0,0,0,1,0,0,0,0,0,0,0,1,0,0,0,0,0,0,0,0,0,0,0,1,0,"TX",75000,0.25,3e+05,1,1,1,1,0,1,0,0
"460","Pinblock","Shark.Tank.S08E13",1,0,1,0,1,2,0,0,0,0,1,0,0,0,0,0,0,0,0,0,0,0,0,0,1,0,0,0,0,0,0,0,0,1,0,0,"NY",1e+05,0.2,5e+05,1,1,1,1,0,1,0,0
"461","PopUpPlay","Shark.Tank.S08E14",1,0,1,0,2,2,2,0,0,0,1,0,0,0,0,1,0,0,0,0,0,0,0,0,1,0,0,0,0,0,0,0,0,0,0,1,"TX",250000.02,0.06,4166667,1,1,1,0,0,1,0,1
"462","RinseKit","Shark.Tank.S08E15",1,0,1,0,2,2,2,0,0,0,1,1,0,0,0,0,0,0,0,0,0,0,0,0,0,0,0,0,1,0,0,0,0,1,0,0,"CA",250000,0.05,5e+06,0,1,1,1,1,1,0,0
"463","Dbestproducts","Shark.Tank.S08E15",1,0,1,0,1,2,0,0,0,0,1,0,0,0,0,0,0,0,0,0,0,0,1,0,0,0,0,0,0,0,0,0,0,1,0,0,"CA",350000,0.05,7e+06,0,1,1,1,1,1,0,0
"464","FirefighterTurnoutBags","Shark.Tank.S08E16",1,0,1,0,2,2,2,0,0,0,1,0,0,0,0,1,0,0,0,0,0,0,0,0,0,0,1,0,0,0,0,0,0,0,0,1,"CA",250000.08,0.33,757576,0,1,1,1,1,1,0,0
"465","Tranquilo","Shark.Tank.S08E16",1,0,1,0,1,2,0,0,0,0,0,0,0,0,1,0,0,0,0,0,0,0,0,0,1,0,0,0,0,0,0,0,0,0,1,0,"MA",1e+05,0.1,1e+06,0,1,1,1,1,1,0,0
"466","HotelsByDay","Shark.Tank.S08E17",0,0,0,1,2,2,4,0,0,0,1,1,0,0,0,0,0,0,0,0,0,0,0,0,0,0,0,0,0,0,1,0,0,1,0,0,"NY",750000,0.1,7500000,0,1,1,1,0,1,0,1
"467","Bitsbox","Shark.Tank.S08E17",0,0,0,1,2,2,4,0,0,0,1,1,0,0,0,0,0,0,0,0,0,0,0,0,1,0,0,0,0,0,0,0,0,1,0,0,"CO",249999.99,0.03,8333333,0,1,1,1,0,1,0,1
"468","OraOrganics","Shark.Tank.S08E18",1,1,0,1,2,2,3,0,0,0,1,1,0,0,0,0,0,0,0,1,0,0,0,0,0,0,0,0,0,0,0,0,0,1,0,0,"CA",375000,0.05,7500000,0,1,1,1,1,1,0,0
"469","DartDrones","Shark.Tank.S08E18",1,0,1,0,1,2,0,0,0,0,0,0,0,0,1,0,0,0,0,0,0,0,0,1,0,0,0,0,0,0,0,0,0,0,1,0,"MA",3e+05,0.1,3e+06,0,1,1,1,1,1,0,0
"470","TheSleepStyler","Shark.Tank.S08E19",1,0,1,0,1,2,0,0,0,0,0,0,0,0,1,0,0,0,0,0,0,0,0,0,0,0,1,0,0,0,0,0,0,0,1,0,"CA",75000,0.2,375000,1,1,1,1,0,1,0,0
"471","BlentiqueWineCompany","Shark.Tank.S08E19",1,0,1,0,1,2,0,0,0,0,1,0,0,0,0,0,0,0,0,0,1,0,0,0,0,0,0,0,0,0,0,0,0,1,0,0,"CA",250000,0.1,2500000,1,1,1,1,0,1,0,0
"472","ApolloPeak","Shark.Tank.S08E20",1,0,1,0,1,2,0,0,0,0,1,0,0,0,0,0,0,0,0,0,0,0,0,0,0,0,0,0,0,1,0,0,0,1,0,0,"CO",1e+05,0.1,1e+06,0,1,1,1,1,1,0,0
"473","cropsticks","Shark.Tank.S08E20",0,0,0,1,1,3,0,0,0,0,0,0,0,0,1,0,0,0,0,0,0,0,1,0,0,0,0,0,0,0,0,0,0,0,1,0,"HI",75000,0.125,6e+05,0,1,1,1,1,1,0,0
"474","UnderTheWeather","Shark.Tank.S08E20",1,0,1,0,1,2,0,0,0,0,1,0,0,0,0,0,0,0,0,0,0,0,0,0,0,0,0,0,1,0,0,0,0,1,0,0,"OH",6e+05,0.1,6e+06,0,1,1,1,1,1,0,0
"475","seedsheet","Shark.Tank.S08E20",1,0,1,0,1,2,0,0,0,0,1,0,0,0,0,0,0,0,0,0,0,0,1,0,0,0,0,0,0,0,0,0,0,1,0,0,"VT",5e+05,0.1,5e+06,0,1,1,1,1,1,0,0
"476","Validated","Shark.Tank.S08E21",0,0,0,1,3,2,2,2,0,0,1,1,1,0,0,0,0,0,0,0,0,0,0,1,0,0,0,0,0,0,0,0,0,1,0,0,"OR",250000,0.08,3125000,1,1,1,0,0,1,0,1
"477","GuardLlama","Shark.Tank.S08E21",1,0,1,0,2,2,4,0,0,0,1,1,0,0,0,0,0,0,0,0,0,0,0,1,0,0,0,0,0,0,0,0,0,1,0,0,"IL",1e+05,0.05,2e+06,1,1,1,0,0,1,0,1
"478","Flag","Shark.Tank.S08E21",0,0,0,1,2,4,2,0,0,0,1,0,0,0,0,1,0,0,0,0,0,0,1,0,0,0,0,0,0,0,0,0,0,0,0,1,"CA",375000,0.05,7500000,1,1,1,0,0,1,0,1
"479","SeeRescueStreamer","Shark.Tank.S08E22",0,0,0,1,1,2,0,0,0,0,1,0,0,0,0,0,0,0,0,0,0,0,0,0,0,0,0,0,1,0,0,0,0,1,0,0,"HI",2e+05,0.2,1e+06,0,1,1,1,1,1,0,0
"480","BootyQueenApparel","Shark.Tank.S08E22",1,0,1,0,2,2,2,0,0,0,1,0,0,0,0,1,0,0,0,0,0,0,0,0,0,0,1,0,0,0,0,0,0,0,0,1,"TX",250000,0.2,1250000,0,1,1,1,1,1,0,0
"481","LocTote","Shark.Tank.S08E22",1,0,0,1,2,2,2,0,0,0,1,1,0,0,0,0,0,0,0,0,0,0,0,0,0,0,1,0,0,0,0,0,0,1,0,0,"OH",150000,0.05,3e+06,0,1,1,1,1,1,0,0
"482","RumiSpice","Shark.Tank.S08E23",1,0,1,0,3,2,3,3,0,0,0,0,1,0,1,1,0,0,0,0,1,0,0,0,0,0,0,0,0,0,0,0,0,0,0,1,"IL",250000,0.05,5e+06,0,1,1,1,1,1,0,0
"483","PeoplesDesign","Shark.Tank.S08E23",1,0,1,0,1,2,0,0,0,0,1,0,0,0,0,0,0,0,0,0,0,0,1,0,0,0,0,0,0,0,0,0,0,1,0,0,"CO",75000,0.25,3e+05,0,1,1,1,1,1,0,0
"484","WineDesign","Shark.Tank.S08E24",1,0,1,0,2,2,2,0,0,0,1,0,0,0,0,1,0,0,0,0,0,0,0,0,0,0,0,1,0,0,0,0,0,0,0,1,"NC",5e+05,0.1,5e+06,1,1,1,1,0,1,0,0
"485","LaidBrand","Shark.Tank.S08E24",0,0,0,1,2,2,2,0,0,0,1,1,0,0,0,0,0,0,0,0,0,0,0,0,0,0,1,0,0,0,0,0,0,1,0,0,"FL",30000,0.3,1e+05,1,1,1,1,0,1,0,0
"486","BridalBuddy","Shark.Tank.S08E24",1,0,1,0,1,2,0,0,0,0,0,0,0,0,1,0,0,0,0,0,0,0,0,0,0,0,1,0,0,0,0,0,0,0,1,0,"PA",75000,0.1,750000,1,1,1,1,0,1,0,0
"487","WypAviation","Shark.Tank.S09E01",0,0,0,1,1,2,0,0,0,0,1,0,0,0,0,0,0,0,0,0,0,0,0,0,0,0,0,0,1,0,0,0,0,1,0,0,"AL",5e+05,0.2,2500000,0,1,1,1,1,0,0,1
"488","SimpleHabit","Shark.Tank.S09E01",0,0,0,1,1,3,0,0,0,0,0,0,0,0,1,0,0,0,0,1,0,0,0,0,0,0,0,0,0,0,0,0,0,0,1,0,"CA",6e+05,0.05,1.2e+07,0,1,1,1,1,0,0,1
"489","JacksonsHonest","Shark.Tank.S09E02",1,0,1,0,2,2,2,0,0,0,1,0,0,0,0,1,0,0,0,0,1,0,0,0,0,0,0,0,0,0,0,0,0,0,0,1,"CO",1250000,0.05,2.5e+07,1,1,1,1,0,0,0,1
"490","QBall","Shark.Tank.S09E02",1,0,1,0,1,2,0,0,0,0,1,0,0,0,0,0,0,0,0,0,0,0,0,0,0,0,0,1,0,0,0,0,0,1,0,0,"NC",199999.95,0.15,1333333,1,1,1,1,0,0,0,1
"491","trippie","Shark.Tank.S09E02",0,0,0,1,1,1,0,0,0,0,1,0,0,0,0,0,0,0,0,0,0,0,0,0,0,0,0,0,0,0,1,0,0,1,0,0,"CA",1e+05,0.1,1e+06,1,1,1,1,0,0,0,1
"492","Seventy2","Shark.Tank.S09E02",1,0,1,0,2,2,4,0,0,0,1,1,0,0,0,0,0,0,0,0,0,0,1,0,0,0,0,0,0,0,0,0,0,1,0,0,"CA",1e+05,0.05,2e+06,1,1,1,1,0,0,0,1
"493","ThirdWaveWater","Shark.Tank.S09E03",1,0,1,0,3,2,2,2,0,0,1,1,1,0,0,0,0,0,0,0,1,0,0,0,0,0,0,0,0,0,0,0,0,1,0,0,"OH",1e+05,0.1,1e+06,1,1,1,1,0,1,0,0
"494","Tanglepets","Shark.Tank.S09E03",1,0,1,0,1,2,0,0,0,0,0,0,0,0,1,0,0,0,0,0,0,0,0,0,1,0,0,0,0,0,0,0,0,0,1,0,"WA",75000,0.3,250000,1,1,1,1,0,1,0,0
"495","EnsoRings","Shark.Tank.S09E03",1,0,1,0,2,2,2,0,0,0,1,1,0,0,0,0,0,0,0,0,0,0,0,0,0,0,1,0,0,0,0,0,0,1,0,0,"UT",500000.025,0.075,6666667,1,1,1,1,0,1,0,0
"496","DelightedByHummus","Shark.Tank.S09E04",1,0,1,0,1,2,0,0,0,0,0,0,0,0,1,0,0,0,0,0,1,0,0,0,0,0,0,0,0,0,0,0,0,0,1,0,"NV",6e+05,0.12,5e+06,1,1,1,0,0,1,0,1
"497","Solemender","Shark.Tank.S09E04",0,0,0,1,2,4,4,0,0,0,1,1,0,0,0,0,0,0,0,1,0,0,0,0,0,0,0,0,0,0,0,0,0,1,0,0,"MI",75000,0.1,750000,1,1,1,0,0,1,0,1
"498","H3oSports","Shark.Tank.S09E05",1,0,1,0,2,2,2,0,0,0,1,1,0,0,0,0,0,0,0,0,0,0,0,0,0,0,0,0,1,0,0,0,0,1,0,0,"FL",120000,0.15,8e+05,0,1,1,1,1,1,0,0
"499","AshAnvil","Shark.Tank.S09E05",1,0,1,0,2,2,3,0,0,0,1,1,0,0,0,0,0,0,0,0,0,0,0,0,0,0,1,0,0,0,0,0,0,1,0,0,"MI",1e+05,0.125,8e+05,0,1,1,1,1,1,0,0
"500","Kwik-hang","Shark.Tank.S09E05",0,0,0,1,1,2,0,0,0,0,1,0,0,0,0,0,0,0,0,0,0,0,1,0,0,0,0,0,0,0,0,0,0,1,0,0,"MA",80000,0.2,4e+05,0,1,1,1,1,1,0,0
"501","Mirmir","Shark.Tank.S09E05",1,0,1,0,2,2,2,0,0,0,1,1,0,0,0,0,0,0,0,0,0,0,0,0,0,0,0,1,0,0,0,0,0,1,0,0,"CA",350000,0.1,3500000,0,1,1,1,1,1,0,0
"502","BrazynLife","Shark.Tank.S09E06",1,0,1,0,1,2,0,0,0,0,1,0,0,0,0,0,0,0,0,0,0,0,0,0,0,0,0,0,1,0,0,0,0,1,0,0,"CA",225000,0.1,2250000,0,1,1,0,1,1,0,1
"503","NovelEffect","Shark.Tank.S09E06",1,0,1,0,2,2,2,0,0,0,1,0,0,0,0,1,0,0,0,0,0,0,0,0,1,0,0,0,0,0,0,0,0,0,0,1,"WA",5e+05,0.1,5e+06,0,1,1,0,1,1,0,1
"504","FatherFigure","Shark.Tank.S09E06",0,0,0,1,1,4,0,0,0,0,1,0,0,0,0,0,0,0,0,0,0,0,0,0,1,0,0,0,0,0,0,0,0,1,0,0,"NY",79999.95,0.15,533333,0,1,1,0,1,1,0,1
"505","Qeepsake","Shark.Tank.S09E07",1,1,0,1,1,2,0,0,0,0,1,0,0,0,0,0,0,0,0,0,0,0,0,0,1,0,0,0,0,0,0,0,0,1,0,0,"MA",350000,0.1,3500000,1,1,1,0,0,1,0,1
"506","GeoOrbital","Shark.Tank.S09E07",0,0,0,1,2,2,2,0,0,0,1,1,0,0,0,0,0,0,0,0,0,0,0,0,0,0,0,0,1,0,0,0,0,1,0,0,"MA",5e+05,0.05,1e+07,1,1,1,0,0,1,0,1
"507","Pearachute","Shark.Tank.S09E07",1,0,1,0,1,2,0,0,0,0,0,0,0,0,1,0,0,0,0,0,0,0,0,0,1,0,0,0,0,0,0,0,0,0,1,0,"IL",499999.98,0.06,8333333,1,1,1,0,0,1,0,1
"508","WaiveCar","Shark.Tank.S09E07",1,0,1,0,2,2,2,0,0,0,1,1,0,0,0,0,0,0,0,0,0,0,0,0,0,1,0,0,0,0,0,0,0,1,0,0,"CA",5e+05,0.02,2.5e+07,1,1,1,0,0,1,0,1
"509","Snoofybee","Shark.Tank.S09E08",1,0,1,0,2,2,2,0,0,0,1,0,0,0,0,1,0,0,0,0,0,0,0,0,1,0,0,0,0,0,0,0,0,0,0,1,"OR",85000,0.1,850000,0,1,1,1,0,1,0,1
"510","NoMo-Stach","Shark.Tank.S09E08",1,0,1,0,2,2,4,0,0,0,0,0,0,0,1,1,0,0,0,0,0,0,0,0,0,0,1,0,0,0,0,0,0,0,1,0,"CA",1e+05,0.25,4e+05,0,1,1,1,0,1,0,1
"511","SnarkyTea","Shark.Tank.S09E08",1,0,1,0,1,2,0,0,0,0,0,0,0,0,1,0,0,0,0,0,1,0,0,0,0,0,0,0,0,0,0,0,0,0,1,0,"PA",150000,0.25,6e+05,0,1,1,1,0,1,0,1
"512","BrilliantPad","Shark.Tank.S09E09",1,0,1,0,1,2,0,0,0,0,1,0,0,0,0,0,0,0,0,0,0,0,0,0,0,0,0,0,0,1,0,0,0,1,0,0,"IL",5e+05,0.05,1e+07,1,1,1,0,0,1,0,1
"513","HoopMaps","Shark.Tank.S09E09",0,0,0,1,2,1,1,0,0,0,1,1,0,0,0,0,0,0,0,0,0,0,0,0,0,0,0,0,1,0,0,0,0,1,0,0,"CA",1e+05,0.05,2e+06,1,1,1,0,0,1,0,1
"514","Glovestix","Shark.Tank.S09E09",1,0,1,0,1,2,0,0,0,0,0,0,0,0,1,0,0,0,0,0,0,0,0,0,0,0,0,0,1,0,0,0,0,0,1,0,"VA",150000,0.1,1500000,1,1,1,0,0,1,0,1
"515","DNASimple","Shark.Tank.S09E10",1,0,1,0,1,1,0,0,0,0,1,0,0,0,0,0,0,0,0,1,0,0,0,0,0,0,0,0,0,0,0,0,0,1,0,0,"NY",1e+05,0.125,8e+05,0,1,1,1,1,0,0,1
"516","Grypmat","Shark.Tank.S09E10",1,0,1,0,1,2,0,0,0,0,1,0,0,0,0,0,0,0,0,0,0,0,0,0,0,1,0,0,0,0,0,0,0,1,0,0,"OH",2e+05,0.1,2e+06,0,1,1,1,1,0,0,1
"517","Slumberkins","Shark.Tank.S09E11",0,0,0,1,2,2,2,0,0,0,0,0,0,0,1,1,0,0,0,0,0,0,0,0,1,0,0,0,0,0,0,0,0,0,1,0,"Canada",175000,0.05,3500000,0,1,1,1,1,1,0,0
"518","ReelyHookedFishCo.","Shark.Tank.S09E11",1,0,1,0,2,2,2,0,0,0,1,1,0,0,0,0,0,0,0,0,1,0,0,0,0,0,0,0,0,0,0,0,0,1,0,0,"FL",75000,0.25,3e+05,0,1,1,1,1,1,0,0
"519","ProntoBev","Shark.Tank.S09E11",1,0,1,0,1,2,0,0,0,0,1,0,0,0,0,0,0,0,0,0,0,0,1,0,0,0,0,0,0,0,0,0,0,1,0,0,"CA",1e+05,0.05,2e+06,0,1,1,1,1,1,0,0
"520","TheCutBuddy","Shark.Tank.S09E11",1,0,1,0,1,1,0,0,0,0,1,0,0,0,0,0,0,0,0,0,0,0,0,0,0,0,1,0,0,0,0,0,0,1,0,0,"FL",3e+05,0.1,3e+06,0,1,1,1,1,1,0,0
"521","CocoTaps","Shark.Tank.S09E12",0,0,0,1,1,2,0,0,0,0,1,0,0,0,0,0,0,0,0,0,0,0,1,0,0,0,0,0,0,0,0,0,0,1,0,0,"CA",150000,0.1,1500000,1,1,1,1,0,0,0,1
"522","ChristmasTreeHugger","Shark.Tank.S09E13",0,0,0,1,1,4,0,0,0,0,1,0,0,0,0,0,0,0,0,0,0,0,1,0,0,0,0,0,0,0,0,0,0,1,0,0,"NY",1e+05,0.2,5e+05,1,1,1,1,0,1,0,0
"523","RokBlok","Shark.Tank.S09E13",1,0,1,0,1,1,0,0,0,0,1,0,0,0,0,0,0,0,0,0,0,0,0,0,0,0,0,1,0,0,0,0,0,1,0,0,"CA",3e+05,0.15,2e+06,1,1,1,1,0,1,0,0
"524","TheOriginalComfy","Shark.Tank.S09E13",1,0,1,0,2,2,2,0,0,0,1,1,0,0,0,0,0,0,0,0,0,0,0,0,0,0,1,0,0,0,0,0,0,1,0,0,"AZ",50000,0.2,250000,1,1,1,1,0,1,0,0
"525","ModernChristmasTrees","Shark.Tank.S09E13",1,0,1,0,1,4,0,0,0,0,1,0,0,0,0,0,0,0,0,0,0,0,1,0,0,0,0,0,0,0,0,0,0,1,0,0,"CO",1e+05,0.1,1e+06,1,1,1,1,0,1,0,0
"526","birddogs","Shark.Tank.S09E14",0,0,0,1,2,2,2,0,0,0,1,1,0,0,0,0,0,0,0,0,0,0,0,0,0,0,1,0,0,0,0,0,0,1,0,0,"NY",250000.005,0.015,16666667,0,1,1,1,1,1,0,0
"527","EllipticalStroller","Shark.Tank.S09E14",0,0,0,1,1,4,0,0,0,0,1,0,0,0,0,0,0,0,0,0,0,0,0,0,0,0,0,0,1,0,0,0,0,1,0,0,"FL",5e+05,0.4,1250000,0,1,1,1,1,1,0,0
"528","Inirv","Shark.Tank.S09E14",0,0,0,1,2,4,4,0,0,0,1,0,0,0,0,1,0,0,0,0,0,0,1,0,0,0,0,0,0,0,0,0,0,0,0,1,"CA",8e+05,0.08,1e+07,0,1,1,1,1,1,0,0
"529","Stasher","Shark.Tank.S09E15",1,0,1,0,1,3,0,0,0,0,0,0,0,0,1,0,0,0,0,0,0,0,0,0,0,0,0,0,0,0,0,1,0,0,1,0,"CA",4e+05,0.05,8e+06,1,1,1,1,0,0,0,1
"530","Recharj","Shark.Tank.S09E15",0,0,0,1,1,2,0,0,0,0,1,0,0,0,0,0,0,0,0,0,0,1,0,0,0,0,0,0,0,0,0,0,0,1,0,0,"DC",75000,0.15,5e+05,1,1,1,1,0,0,0,1
"531","Detrapel","Shark.Tank.S09E15",1,0,1,0,2,2,2,0,0,0,1,1,0,0,0,0,0,0,0,0,0,0,1,0,0,0,0,0,0,0,0,0,0,1,0,0,"PA",2e+05,0.2,1e+06,1,1,1,1,0,0,0,1
"532","TheLongHairs","Shark.Tank.S09E16",1,0,1,0,2,2,2,0,0,0,1,1,0,0,0,0,0,0,0,0,0,0,0,0,0,0,1,0,0,0,0,0,0,1,0,0,"CA",95000,0.1,950000,0,1,1,1,1,1,0,0
"533","DudeRobe","Shark.Tank.S09E16",0,0,0,1,1,2,0,0,0,0,1,0,0,0,0,0,0,0,0,0,0,0,0,0,0,0,1,0,0,0,0,0,0,1,0,0,"NY",149999.94,0.18,833333,0,1,1,1,1,1,0,0
"534","JoesGourmetFishFry","Shark.Tank.S09E16",1,0,1,0,2,1,1,0,0,0,1,0,0,0,0,1,0,0,0,0,1,0,0,0,0,0,0,0,0,0,0,0,0,0,0,1,"GA",150000,0.15,1e+06,0,1,1,1,1,1,0,0
"535","BrushHero","Shark.Tank.S09E18",1,1,0,1,2,2,2,0,0,0,1,1,0,0,0,0,0,0,0,0,0,0,0,0,0,0,0,0,0,0,0,0,1,1,0,0,NA,5e+05,0.1,5e+06,0,1,1,1,1,1,0,0
"536","RounderBum","Shark.Tank.S09E18",1,0,1,0,1,4,0,0,0,0,1,0,0,0,0,0,0,0,0,0,0,0,0,0,0,0,0,0,0,0,0,0,1,1,0,0,NA,3e+05,0.2,1500000,0,1,1,1,1,1,0,0
"537","GuzzleBuddy","Shark.Tank.S09E18",1,0,1,0,2,2,2,0,0,0,1,0,0,0,0,1,0,0,0,0,0,0,0,0,0,0,0,0,0,0,0,0,1,0,0,1,NA,4e+05,0.1,4e+06,0,1,1,1,1,1,0,0
"538","TheWingman","Shark.Tank.S09E19",1,1,0,1,2,2,2,0,0,0,1,1,0,0,0,0,0,0,0,0,0,0,0,0,0,0,0,0,1,0,0,0,0,1,0,0,"WI",2e+05,0.125,1600000,0,1,1,0,1,1,0,1
"539","Zuvaa","Shark.Tank.S09E19",1,1,0,1,1,1,0,0,0,0,0,0,0,0,1,0,0,0,0,0,0,0,0,0,0,0,1,0,0,0,0,0,0,0,1,0,"GA",460000,0.1,4600000,0,1,1,0,1,1,0,1
"540","BouquetBar","Shark.Tank.S09E19",1,0,1,0,3,4,4,4,0,0,1,1,1,0,0,0,0,0,0,0,0,0,1,0,0,0,0,0,0,0,0,0,0,1,0,0,"CA",150000,0.1,1500000,0,1,1,0,1,1,0,1
"541","TheDoughBar","Shark.Tank.S09E20",1,0,1,0,2,4,2,0,0,0,1,0,0,0,0,1,0,0,0,0,1,0,0,0,0,0,0,0,0,0,0,0,0,0,0,1,"CA",3e+05,0.15,2e+06,1,1,1,1,0,0,0,1
"542","ChangEd","Shark.Tank.S09E20",1,0,1,0,2,2,4,0,0,0,1,1,1,0,0,0,0,0,0,0,0,0,0,0,1,0,0,0,0,0,0,0,0,1,0,0,"IL",250000.05,0.15,1666667,1,1,1,1,0,0,0,1
"543","ShowerPill","Shark.Tank.S09E20",0,0,0,1,3,1,1,4,0,0,1,1,1,0,0,0,0,0,0,1,0,0,0,0,0,0,0,0,0,0,0,0,0,1,0,0,"MD",3e+05,0.1,3e+06,1,1,1,1,0,0,0,1
"544","Everytable","Shark.Tank.S09E21",1,0,1,0,2,2,2,0,0,0,1,1,0,0,0,0,0,0,0,0,1,0,0,0,0,0,0,0,0,0,0,0,0,1,0,0,"CA",1e+06,0.05,2e+07,1,1,1,1,0,0,0,1
"545","Petrol","Shark.Tank.S09E21",0,0,0,1,2,2,4,0,0,0,1,0,0,0,0,1,0,0,0,0,0,0,0,0,0,0,0,0,0,1,0,0,0,0,0,1,"NC",150000,0.2,750000,1,1,1,1,0,0,0,1
"546","Sunnova","Shark.Tank.S09E22",0,0,0,1,3,2,2,2,0,0,1,1,1,0,0,0,0,0,0,0,1,0,0,0,0,0,0,0,0,0,0,0,0,1,0,0,"NY",499999.995,0.045,11111111,1,1,1,1,0,0,0,1
"547","Avocaderia","Shark.Tank.S09E22",1,0,1,0,1,2,0,0,0,0,1,0,0,0,0,0,0,0,0,0,1,0,0,0,0,0,0,0,0,0,0,0,0,1,0,0,"WA",3e+05,0.1,3e+06,1,1,1,1,0,0,0,1
"548","HugosAmazingTape","Shark.Tank.S09E23",1,0,1,0,2,2,2,0,0,0,0,0,0,0,1,1,0,0,0,0,0,0,1,0,0,0,0,0,0,0,0,0,0,0,1,0,"CA",50000,0.5,1e+05,1,1,1,1,0,1,0,0
"549","LaceYourFace","Shark.Tank.S09E24",1,0,1,0,2,2,3,0,0,0,0,0,0,0,1,1,0,0,0,0,0,0,0,0,0,0,1,0,0,0,0,0,0,0,1,0,"CA",350000,0.1,3500000,0,1,1,1,1,0,0,1
"550","Bermies","Shark.Tank.S09E24",0,0,0,1,1,2,0,0,0,0,1,0,0,0,0,0,0,0,0,0,0,0,0,0,0,0,1,0,0,0,0,0,0,1,0,0,"FL",2e+05,0.2,1e+06,0,1,1,1,1,0,0,1
"551","OAFoods","Shark.Tank.S09E24",1,0,1,0,1,2,0,0,0,0,1,0,0,0,0,0,0,0,0,0,1,0,0,0,0,0,0,0,0,0,0,0,0,1,0,0,"FL",3e+05,0.1,3e+06,0,1,1,1,1,0,0,1
